Index,File,Crossings,Runtime
0,random graphs/matuszewski/5_by_n/n10/graph0.lgbin,114,0.0274507999420166
1,random graphs/matuszewski/5_by_n/n10/graph1.lgbin,128,0.027423858642578125
2,random graphs/matuszewski/5_by_n/n10/graph2.lgbin,103,0.02914118766784668
3,random graphs/matuszewski/5_by_n/n10/graph3.lgbin,104,0.028493165969848633
4,random graphs/matuszewski/5_by_n/n10/graph4.lgbin,115,0.029534101486206055
5,random graphs/matuszewski/5_by_n/n10/graph5.lgbin,117,0.02782750129699707
6,random graphs/matuszewski/5_by_n/n10/graph6.lgbin,110,0.027921676635742188
7,random graphs/matuszewski/5_by_n/n10/graph7.lgbin,99,0.028364896774291992
8,random graphs/matuszewski/5_by_n/n10/graph8.lgbin,117,0.027681589126586914
9,random graphs/matuszewski/5_by_n/n10/graph9.lgbin,103,0.028029441833496094
10,random graphs/matuszewski/5_by_n/n10/graph10.lgbin,109,0.027725696563720703
11,random graphs/matuszewski/5_by_n/n10/graph11.lgbin,132,0.028322696685791016
12,random graphs/matuszewski/5_by_n/n10/graph12.lgbin,127,0.02783370018005371
13,random graphs/matuszewski/5_by_n/n10/graph13.lgbin,109,0.0296783447265625
14,random graphs/matuszewski/5_by_n/n10/graph14.lgbin,109,0.030388593673706055
15,random graphs/matuszewski/5_by_n/n10/graph15.lgbin,114,0.027899503707885742
16,random graphs/matuszewski/5_by_n/n10/graph16.lgbin,125,0.029764175415039062
17,random graphs/matuszewski/5_by_n/n10/graph17.lgbin,108,0.027995586395263672
18,random graphs/matuszewski/5_by_n/n10/graph18.lgbin,119,0.029370784759521484
19,random graphs/matuszewski/5_by_n/n10/graph19.lgbin,116,0.028222084045410156
20,random graphs/matuszewski/5_by_n/n10/graph20.lgbin,142,0.030223846435546875
21,random graphs/matuszewski/5_by_n/n10/graph21.lgbin,110,0.026701927185058594
22,random graphs/matuszewski/5_by_n/n10/graph22.lgbin,135,0.03028106689453125
23,random graphs/matuszewski/5_by_n/n10/graph23.lgbin,134,0.028008699417114258
24,random graphs/matuszewski/5_by_n/n10/graph24.lgbin,99,0.027837753295898438
25,random graphs/matuszewski/5_by_n/n10/graph25.lgbin,93,0.0279538631439209
26,random graphs/matuszewski/5_by_n/n10/graph26.lgbin,115,0.02796030044555664
27,random graphs/matuszewski/5_by_n/n10/graph27.lgbin,108,0.028858423233032227
28,random graphs/matuszewski/5_by_n/n10/graph28.lgbin,121,0.028326749801635742
29,random graphs/matuszewski/5_by_n/n10/graph29.lgbin,110,0.028591632843017578
30,random graphs/matuszewski/5_by_n/n10/graph30.lgbin,126,0.028180837631225586
31,random graphs/matuszewski/5_by_n/n10/graph31.lgbin,109,0.02777719497680664
32,random graphs/matuszewski/5_by_n/n10/graph32.lgbin,96,0.02828049659729004
33,random graphs/matuszewski/5_by_n/n10/graph33.lgbin,106,0.02792048454284668
34,random graphs/matuszewski/5_by_n/n10/graph34.lgbin,138,0.02998805046081543
35,random graphs/matuszewski/5_by_n/n10/graph35.lgbin,158,0.03305387496948242
36,random graphs/matuszewski/5_by_n/n10/graph36.lgbin,109,0.028649091720581055
37,random graphs/matuszewski/5_by_n/n10/graph37.lgbin,122,0.028270959854125977
38,random graphs/matuszewski/5_by_n/n10/graph38.lgbin,144,0.029300928115844727
39,random graphs/matuszewski/5_by_n/n10/graph39.lgbin,125,0.028245210647583008
40,random graphs/matuszewski/5_by_n/n10/graph40.lgbin,106,0.028127193450927734
41,random graphs/matuszewski/5_by_n/n10/graph41.lgbin,112,0.02886819839477539
42,random graphs/matuszewski/5_by_n/n10/graph42.lgbin,104,0.028438568115234375
43,random graphs/matuszewski/5_by_n/n10/graph43.lgbin,138,0.029179811477661133
44,random graphs/matuszewski/5_by_n/n10/graph44.lgbin,106,0.027758121490478516
45,random graphs/matuszewski/5_by_n/n10/graph45.lgbin,136,0.027385234832763672
46,random graphs/matuszewski/5_by_n/n10/graph46.lgbin,126,0.028254270553588867
47,random graphs/matuszewski/5_by_n/n10/graph47.lgbin,123,0.030890464782714844
48,random graphs/matuszewski/5_by_n/n10/graph48.lgbin,85,0.0279996395111084
49,random graphs/matuszewski/5_by_n/n10/graph49.lgbin,117,0.030424833297729492
50,random graphs/matuszewski/5_by_n/n10/graph50.lgbin,95,0.02872490882873535
51,random graphs/matuszewski/5_by_n/n10/graph51.lgbin,107,0.027816295623779297
52,random graphs/matuszewski/5_by_n/n10/graph52.lgbin,120,0.028382539749145508
53,random graphs/matuszewski/5_by_n/n10/graph53.lgbin,92,0.029288291931152344
54,random graphs/matuszewski/5_by_n/n10/graph54.lgbin,139,0.03005695343017578
55,random graphs/matuszewski/5_by_n/n10/graph55.lgbin,137,0.0295407772064209
56,random graphs/matuszewski/5_by_n/n10/graph56.lgbin,128,0.027815580368041992
57,random graphs/matuszewski/5_by_n/n10/graph57.lgbin,125,0.028391599655151367
58,random graphs/matuszewski/5_by_n/n10/graph58.lgbin,122,0.028841733932495117
59,random graphs/matuszewski/5_by_n/n10/graph59.lgbin,113,0.028021812438964844
60,random graphs/matuszewski/5_by_n/n10/graph60.lgbin,100,0.027996063232421875
61,random graphs/matuszewski/5_by_n/n10/graph61.lgbin,114,0.0278472900390625
62,random graphs/matuszewski/5_by_n/n10/graph62.lgbin,109,0.027705669403076172
63,random graphs/matuszewski/5_by_n/n10/graph63.lgbin,101,0.027478456497192383
64,random graphs/matuszewski/5_by_n/n10/graph64.lgbin,103,0.028852224349975586
65,random graphs/matuszewski/5_by_n/n10/graph65.lgbin,85,0.027455806732177734
66,random graphs/matuszewski/5_by_n/n10/graph66.lgbin,111,0.02757740020751953
67,random graphs/matuszewski/5_by_n/n10/graph67.lgbin,109,0.02843022346496582
68,random graphs/matuszewski/5_by_n/n10/graph68.lgbin,106,0.027270078659057617
69,random graphs/matuszewski/5_by_n/n10/graph69.lgbin,125,0.029216527938842773
70,random graphs/matuszewski/5_by_n/n10/graph70.lgbin,119,0.028576374053955078
71,random graphs/matuszewski/5_by_n/n10/graph71.lgbin,104,0.027957439422607422
72,random graphs/matuszewski/5_by_n/n10/graph72.lgbin,114,0.027722597122192383
73,random graphs/matuszewski/5_by_n/n10/graph73.lgbin,109,0.028061866760253906
74,random graphs/matuszewski/5_by_n/n10/graph74.lgbin,105,0.02886176109313965
75,random graphs/matuszewski/5_by_n/n10/graph75.lgbin,132,0.029549360275268555
76,random graphs/matuszewski/5_by_n/n10/graph76.lgbin,125,0.02994704246520996
77,random graphs/matuszewski/5_by_n/n10/graph77.lgbin,144,0.029263973236083984
78,random graphs/matuszewski/5_by_n/n10/graph78.lgbin,87,0.027908802032470703
79,random graphs/matuszewski/5_by_n/n10/graph79.lgbin,115,0.028803110122680664
80,random graphs/matuszewski/5_by_n/n10/graph80.lgbin,142,0.02903127670288086
81,random graphs/matuszewski/5_by_n/n10/graph81.lgbin,115,0.028565406799316406
82,random graphs/matuszewski/5_by_n/n10/graph82.lgbin,107,0.028017044067382812
83,random graphs/matuszewski/5_by_n/n10/graph83.lgbin,126,0.028153657913208008
84,random graphs/matuszewski/5_by_n/n10/graph84.lgbin,134,0.027803897857666016
85,random graphs/matuszewski/5_by_n/n10/graph85.lgbin,165,0.0300142765045166
86,random graphs/matuszewski/5_by_n/n10/graph86.lgbin,107,0.027799606323242188
87,random graphs/matuszewski/5_by_n/n10/graph87.lgbin,92,0.027507305145263672
88,random graphs/matuszewski/5_by_n/n10/graph88.lgbin,94,0.02818155288696289
89,random graphs/matuszewski/5_by_n/n10/graph89.lgbin,117,0.027576446533203125
90,random graphs/matuszewski/5_by_n/n10/graph90.lgbin,115,0.02857232093811035
91,random graphs/matuszewski/5_by_n/n10/graph91.lgbin,105,0.02711772918701172
92,random graphs/matuszewski/5_by_n/n10/graph92.lgbin,135,0.02797722816467285
93,random graphs/matuszewski/5_by_n/n10/graph93.lgbin,98,0.027860403060913086
94,random graphs/matuszewski/5_by_n/n10/graph94.lgbin,114,0.028239011764526367
95,random graphs/matuszewski/5_by_n/n10/graph95.lgbin,93,0.027149438858032227
96,random graphs/matuszewski/5_by_n/n10/graph96.lgbin,113,0.0331883430480957
97,random graphs/matuszewski/5_by_n/n10/graph97.lgbin,135,0.03029012680053711
98,random graphs/matuszewski/5_by_n/n10/graph98.lgbin,82,0.028906822204589844
99,random graphs/matuszewski/5_by_n/n10/graph99.lgbin,122,0.029120922088623047
100,random graphs/matuszewski/5_by_n/n20/graph0.lgbin,579,0.11980414390563965
101,random graphs/matuszewski/5_by_n/n20/graph1.lgbin,480,0.11667037010192871
102,random graphs/matuszewski/5_by_n/n20/graph2.lgbin,513,0.11560511589050293
103,random graphs/matuszewski/5_by_n/n20/graph3.lgbin,481,0.11716938018798828
104,random graphs/matuszewski/5_by_n/n20/graph4.lgbin,459,0.11387038230895996
105,random graphs/matuszewski/5_by_n/n20/graph5.lgbin,491,0.11282992362976074
106,random graphs/matuszewski/5_by_n/n20/graph6.lgbin,452,0.11305975914001465
107,random graphs/matuszewski/5_by_n/n20/graph7.lgbin,489,0.11438345909118652
108,random graphs/matuszewski/5_by_n/n20/graph8.lgbin,401,0.11221623420715332
109,random graphs/matuszewski/5_by_n/n20/graph9.lgbin,500,0.11814618110656738
110,random graphs/matuszewski/5_by_n/n20/graph10.lgbin,509,0.11629390716552734
111,random graphs/matuszewski/5_by_n/n20/graph11.lgbin,642,0.12113761901855469
112,random graphs/matuszewski/5_by_n/n20/graph12.lgbin,515,0.12069463729858398
113,random graphs/matuszewski/5_by_n/n20/graph13.lgbin,568,0.1207113265991211
114,random graphs/matuszewski/5_by_n/n20/graph14.lgbin,517,0.11480283737182617
115,random graphs/matuszewski/5_by_n/n20/graph15.lgbin,509,0.1204535961151123
116,random graphs/matuszewski/5_by_n/n20/graph16.lgbin,481,0.11628484725952148
117,random graphs/matuszewski/5_by_n/n20/graph17.lgbin,450,0.11878633499145508
118,random graphs/matuszewski/5_by_n/n20/graph18.lgbin,487,0.11434650421142578
119,random graphs/matuszewski/5_by_n/n20/graph19.lgbin,448,0.11250495910644531
120,random graphs/matuszewski/5_by_n/n20/graph20.lgbin,502,0.11853981018066406
121,random graphs/matuszewski/5_by_n/n20/graph21.lgbin,527,0.1130375862121582
122,random graphs/matuszewski/5_by_n/n20/graph22.lgbin,555,0.11798906326293945
123,random graphs/matuszewski/5_by_n/n20/graph23.lgbin,516,0.12208342552185059
124,random graphs/matuszewski/5_by_n/n20/graph24.lgbin,475,0.11415767669677734
125,random graphs/matuszewski/5_by_n/n20/graph25.lgbin,474,0.11441636085510254
126,random graphs/matuszewski/5_by_n/n20/graph26.lgbin,392,0.11237263679504395
127,random graphs/matuszewski/5_by_n/n20/graph27.lgbin,534,0.11213350296020508
128,random graphs/matuszewski/5_by_n/n20/graph28.lgbin,574,0.11396622657775879
129,random graphs/matuszewski/5_by_n/n20/graph29.lgbin,510,0.11261510848999023
130,random graphs/matuszewski/5_by_n/n20/graph30.lgbin,488,0.11492013931274414
131,random graphs/matuszewski/5_by_n/n20/graph31.lgbin,454,0.1154932975769043
132,random graphs/matuszewski/5_by_n/n20/graph32.lgbin,544,0.1157534122467041
133,random graphs/matuszewski/5_by_n/n20/graph33.lgbin,496,0.11319613456726074
134,random graphs/matuszewski/5_by_n/n20/graph34.lgbin,358,0.11290168762207031
135,random graphs/matuszewski/5_by_n/n20/graph35.lgbin,451,0.11059188842773438
136,random graphs/matuszewski/5_by_n/n20/graph36.lgbin,514,0.11502480506896973
137,random graphs/matuszewski/5_by_n/n20/graph37.lgbin,541,0.11777710914611816
138,random graphs/matuszewski/5_by_n/n20/graph38.lgbin,538,0.11968111991882324
139,random graphs/matuszewski/5_by_n/n20/graph39.lgbin,417,0.11422920227050781
140,random graphs/matuszewski/5_by_n/n20/graph40.lgbin,504,0.11442375183105469
141,random graphs/matuszewski/5_by_n/n20/graph41.lgbin,475,0.1142585277557373
142,random graphs/matuszewski/5_by_n/n20/graph42.lgbin,570,0.12528705596923828
143,random graphs/matuszewski/5_by_n/n20/graph43.lgbin,497,0.11566567420959473
144,random graphs/matuszewski/5_by_n/n20/graph44.lgbin,530,0.11701321601867676
145,random graphs/matuszewski/5_by_n/n20/graph45.lgbin,415,0.1147923469543457
146,random graphs/matuszewski/5_by_n/n20/graph46.lgbin,449,0.11401700973510742
147,random graphs/matuszewski/5_by_n/n20/graph47.lgbin,457,0.12052679061889648
148,random graphs/matuszewski/5_by_n/n20/graph48.lgbin,435,0.11459517478942871
149,random graphs/matuszewski/5_by_n/n20/graph49.lgbin,545,0.11303448677062988
150,random graphs/matuszewski/5_by_n/n20/graph50.lgbin,523,0.11543440818786621
151,random graphs/matuszewski/5_by_n/n20/graph51.lgbin,462,0.11134862899780273
152,random graphs/matuszewski/5_by_n/n20/graph52.lgbin,471,0.11320328712463379
153,random graphs/matuszewski/5_by_n/n20/graph53.lgbin,477,0.11865615844726562
154,random graphs/matuszewski/5_by_n/n20/graph54.lgbin,510,0.11915969848632812
155,random graphs/matuszewski/5_by_n/n20/graph55.lgbin,405,0.11525821685791016
156,random graphs/matuszewski/5_by_n/n20/graph56.lgbin,546,0.11690545082092285
157,random graphs/matuszewski/5_by_n/n20/graph57.lgbin,391,0.1126854419708252
158,random graphs/matuszewski/5_by_n/n20/graph58.lgbin,480,0.1115715503692627
159,random graphs/matuszewski/5_by_n/n20/graph59.lgbin,619,0.11921048164367676
160,random graphs/matuszewski/5_by_n/n20/graph60.lgbin,508,0.11843442916870117
161,random graphs/matuszewski/5_by_n/n20/graph61.lgbin,532,0.11633944511413574
162,random graphs/matuszewski/5_by_n/n20/graph62.lgbin,517,0.11574316024780273
163,random graphs/matuszewski/5_by_n/n20/graph63.lgbin,500,0.11115527153015137
164,random graphs/matuszewski/5_by_n/n20/graph64.lgbin,575,0.12234926223754883
165,random graphs/matuszewski/5_by_n/n20/graph65.lgbin,496,0.11449122428894043
166,random graphs/matuszewski/5_by_n/n20/graph66.lgbin,450,0.11194705963134766
167,random graphs/matuszewski/5_by_n/n20/graph67.lgbin,562,0.11702704429626465
168,random graphs/matuszewski/5_by_n/n20/graph68.lgbin,420,0.11577105522155762
169,random graphs/matuszewski/5_by_n/n20/graph69.lgbin,487,0.11988615989685059
170,random graphs/matuszewski/5_by_n/n20/graph70.lgbin,484,0.1199030876159668
171,random graphs/matuszewski/5_by_n/n20/graph71.lgbin,499,0.11313772201538086
172,random graphs/matuszewski/5_by_n/n20/graph72.lgbin,516,0.11612081527709961
173,random graphs/matuszewski/5_by_n/n20/graph73.lgbin,448,0.11513757705688477
174,random graphs/matuszewski/5_by_n/n20/graph74.lgbin,421,0.11897921562194824
175,random graphs/matuszewski/5_by_n/n20/graph75.lgbin,485,0.11539292335510254
176,random graphs/matuszewski/5_by_n/n20/graph76.lgbin,496,0.11656880378723145
177,random graphs/matuszewski/5_by_n/n20/graph77.lgbin,491,0.11756539344787598
178,random graphs/matuszewski/5_by_n/n20/graph78.lgbin,505,0.11267328262329102
179,random graphs/matuszewski/5_by_n/n20/graph79.lgbin,527,0.11337876319885254
180,random graphs/matuszewski/5_by_n/n20/graph80.lgbin,520,0.11541867256164551
181,random graphs/matuszewski/5_by_n/n20/graph81.lgbin,511,0.11390447616577148
182,random graphs/matuszewski/5_by_n/n20/graph82.lgbin,461,0.1121528148651123
183,random graphs/matuszewski/5_by_n/n20/graph83.lgbin,498,0.11277985572814941
184,random graphs/matuszewski/5_by_n/n20/graph84.lgbin,480,0.11669683456420898
185,random graphs/matuszewski/5_by_n/n20/graph85.lgbin,485,0.11405301094055176
186,random graphs/matuszewski/5_by_n/n20/graph86.lgbin,390,0.11249184608459473
187,random graphs/matuszewski/5_by_n/n20/graph87.lgbin,541,0.11603951454162598
188,random graphs/matuszewski/5_by_n/n20/graph88.lgbin,514,0.1151890754699707
189,random graphs/matuszewski/5_by_n/n20/graph89.lgbin,514,0.11280441284179688
190,random graphs/matuszewski/5_by_n/n20/graph90.lgbin,564,0.11216855049133301
191,random graphs/matuszewski/5_by_n/n20/graph91.lgbin,474,0.11653947830200195
192,random graphs/matuszewski/5_by_n/n20/graph92.lgbin,509,0.11509084701538086
193,random graphs/matuszewski/5_by_n/n20/graph93.lgbin,460,0.1098778247833252
194,random graphs/matuszewski/5_by_n/n20/graph94.lgbin,552,0.11707925796508789
195,random graphs/matuszewski/5_by_n/n20/graph95.lgbin,547,0.11670184135437012
196,random graphs/matuszewski/5_by_n/n20/graph96.lgbin,517,0.11463165283203125
197,random graphs/matuszewski/5_by_n/n20/graph97.lgbin,447,0.11551260948181152
198,random graphs/matuszewski/5_by_n/n20/graph98.lgbin,573,0.11423349380493164
199,random graphs/matuszewski/5_by_n/n20/graph99.lgbin,460,0.11258316040039062
200,random graphs/matuszewski/5_by_n/n30/graph0.lgbin,1180,0.2706015110015869
201,random graphs/matuszewski/5_by_n/n30/graph1.lgbin,1065,0.27138853073120117
202,random graphs/matuszewski/5_by_n/n30/graph2.lgbin,1187,0.26407384872436523
203,random graphs/matuszewski/5_by_n/n30/graph3.lgbin,1083,0.27091431617736816
204,random graphs/matuszewski/5_by_n/n30/graph4.lgbin,1192,0.2691826820373535
205,random graphs/matuszewski/5_by_n/n30/graph5.lgbin,1175,0.2670936584472656
206,random graphs/matuszewski/5_by_n/n30/graph6.lgbin,1068,0.26143550872802734
207,random graphs/matuszewski/5_by_n/n30/graph7.lgbin,1135,0.2551724910736084
208,random graphs/matuszewski/5_by_n/n30/graph8.lgbin,1237,0.25778889656066895
209,random graphs/matuszewski/5_by_n/n30/graph9.lgbin,1240,0.2582564353942871
210,random graphs/matuszewski/5_by_n/n30/graph10.lgbin,1133,0.25968360900878906
211,random graphs/matuszewski/5_by_n/n30/graph11.lgbin,1188,0.27057838439941406
212,random graphs/matuszewski/5_by_n/n30/graph12.lgbin,1280,0.2829475402832031
213,random graphs/matuszewski/5_by_n/n30/graph13.lgbin,1112,0.2612795829772949
214,random graphs/matuszewski/5_by_n/n30/graph14.lgbin,1108,0.2629063129425049
215,random graphs/matuszewski/5_by_n/n30/graph15.lgbin,1150,0.26024770736694336
216,random graphs/matuszewski/5_by_n/n30/graph16.lgbin,1143,0.2580227851867676
217,random graphs/matuszewski/5_by_n/n30/graph17.lgbin,1202,0.269423246383667
218,random graphs/matuszewski/5_by_n/n30/graph18.lgbin,1128,0.2742934226989746
219,random graphs/matuszewski/5_by_n/n30/graph19.lgbin,1287,0.26201581954956055
220,random graphs/matuszewski/5_by_n/n30/graph20.lgbin,1094,0.2589433193206787
221,random graphs/matuszewski/5_by_n/n30/graph21.lgbin,1173,0.25964999198913574
222,random graphs/matuszewski/5_by_n/n30/graph22.lgbin,1242,0.26050758361816406
223,random graphs/matuszewski/5_by_n/n30/graph23.lgbin,1080,0.26764345169067383
224,random graphs/matuszewski/5_by_n/n30/graph24.lgbin,1056,0.25837278366088867
225,random graphs/matuszewski/5_by_n/n30/graph25.lgbin,1264,0.25784873962402344
226,random graphs/matuszewski/5_by_n/n30/graph26.lgbin,1203,0.2652149200439453
227,random graphs/matuszewski/5_by_n/n30/graph27.lgbin,1127,0.26308560371398926
228,random graphs/matuszewski/5_by_n/n30/graph28.lgbin,1115,0.2535977363586426
229,random graphs/matuszewski/5_by_n/n30/graph29.lgbin,1136,0.2546803951263428
230,random graphs/matuszewski/5_by_n/n30/graph30.lgbin,1099,0.2579536437988281
231,random graphs/matuszewski/5_by_n/n30/graph31.lgbin,1087,0.27428174018859863
232,random graphs/matuszewski/5_by_n/n30/graph32.lgbin,1315,0.27124929428100586
233,random graphs/matuszewski/5_by_n/n30/graph33.lgbin,1191,0.26787257194519043
234,random graphs/matuszewski/5_by_n/n30/graph34.lgbin,1153,0.2764251232147217
235,random graphs/matuszewski/5_by_n/n30/graph35.lgbin,1173,0.2596421241760254
236,random graphs/matuszewski/5_by_n/n30/graph36.lgbin,1182,0.26715683937072754
237,random graphs/matuszewski/5_by_n/n30/graph37.lgbin,1233,0.2582852840423584
238,random graphs/matuszewski/5_by_n/n30/graph38.lgbin,1097,0.25704312324523926
239,random graphs/matuszewski/5_by_n/n30/graph39.lgbin,1226,0.2649250030517578
240,random graphs/matuszewski/5_by_n/n30/graph40.lgbin,1200,0.25856757164001465
241,random graphs/matuszewski/5_by_n/n30/graph41.lgbin,1132,0.25446271896362305
242,random graphs/matuszewski/5_by_n/n30/graph42.lgbin,1373,0.2685873508453369
243,random graphs/matuszewski/5_by_n/n30/graph43.lgbin,1219,0.2539806365966797
244,random graphs/matuszewski/5_by_n/n30/graph44.lgbin,1252,0.26656365394592285
245,random graphs/matuszewski/5_by_n/n30/graph45.lgbin,1177,0.2550203800201416
246,random graphs/matuszewski/5_by_n/n30/graph46.lgbin,1281,0.25879716873168945
247,random graphs/matuszewski/5_by_n/n30/graph47.lgbin,1183,0.2536587715148926
248,random graphs/matuszewski/5_by_n/n30/graph48.lgbin,1278,0.25473451614379883
249,random graphs/matuszewski/5_by_n/n30/graph49.lgbin,1209,0.26163554191589355
250,random graphs/matuszewski/5_by_n/n30/graph50.lgbin,1135,0.259324312210083
251,random graphs/matuszewski/5_by_n/n30/graph51.lgbin,1203,0.2594645023345947
252,random graphs/matuszewski/5_by_n/n30/graph52.lgbin,1219,0.25877952575683594
253,random graphs/matuszewski/5_by_n/n30/graph53.lgbin,1102,0.2595357894897461
254,random graphs/matuszewski/5_by_n/n30/graph54.lgbin,1147,0.2564265727996826
255,random graphs/matuszewski/5_by_n/n30/graph55.lgbin,1116,0.2606494426727295
256,random graphs/matuszewski/5_by_n/n30/graph56.lgbin,1294,0.284731388092041
257,random graphs/matuszewski/5_by_n/n30/graph57.lgbin,1159,0.2603747844696045
258,random graphs/matuszewski/5_by_n/n30/graph58.lgbin,1103,0.2653353214263916
259,random graphs/matuszewski/5_by_n/n30/graph59.lgbin,1164,0.2621793746948242
260,random graphs/matuszewski/5_by_n/n30/graph60.lgbin,1331,0.26010870933532715
261,random graphs/matuszewski/5_by_n/n30/graph61.lgbin,987,0.25548434257507324
262,random graphs/matuszewski/5_by_n/n30/graph62.lgbin,1105,0.25393176078796387
263,random graphs/matuszewski/5_by_n/n30/graph63.lgbin,1285,0.26482081413269043
264,random graphs/matuszewski/5_by_n/n30/graph64.lgbin,1217,0.2546725273132324
265,random graphs/matuszewski/5_by_n/n30/graph65.lgbin,1172,0.2764461040496826
266,random graphs/matuszewski/5_by_n/n30/graph66.lgbin,1303,0.2653007507324219
267,random graphs/matuszewski/5_by_n/n30/graph67.lgbin,1100,0.2670257091522217
268,random graphs/matuszewski/5_by_n/n30/graph68.lgbin,1044,0.2568373680114746
269,random graphs/matuszewski/5_by_n/n30/graph69.lgbin,1197,0.2584114074707031
270,random graphs/matuszewski/5_by_n/n30/graph70.lgbin,1075,0.2515394687652588
271,random graphs/matuszewski/5_by_n/n30/graph71.lgbin,1139,0.26151084899902344
272,random graphs/matuszewski/5_by_n/n30/graph72.lgbin,1034,0.2614777088165283
273,random graphs/matuszewski/5_by_n/n30/graph73.lgbin,1204,0.26397085189819336
274,random graphs/matuszewski/5_by_n/n30/graph74.lgbin,1243,0.2634434700012207
275,random graphs/matuszewski/5_by_n/n30/graph75.lgbin,1165,0.2578725814819336
276,random graphs/matuszewski/5_by_n/n30/graph76.lgbin,1230,0.26213932037353516
277,random graphs/matuszewski/5_by_n/n30/graph77.lgbin,1171,0.2624523639678955
278,random graphs/matuszewski/5_by_n/n30/graph78.lgbin,1115,0.25629639625549316
279,random graphs/matuszewski/5_by_n/n30/graph79.lgbin,1332,0.2739908695220947
280,random graphs/matuszewski/5_by_n/n30/graph80.lgbin,1269,0.26117992401123047
281,random graphs/matuszewski/5_by_n/n30/graph81.lgbin,1123,0.25770068168640137
282,random graphs/matuszewski/5_by_n/n30/graph82.lgbin,1072,0.25850653648376465
283,random graphs/matuszewski/5_by_n/n30/graph83.lgbin,1345,0.2604491710662842
284,random graphs/matuszewski/5_by_n/n30/graph84.lgbin,1332,0.27288293838500977
285,random graphs/matuszewski/5_by_n/n30/graph85.lgbin,1188,0.2649421691894531
286,random graphs/matuszewski/5_by_n/n30/graph86.lgbin,1269,0.2636106014251709
287,random graphs/matuszewski/5_by_n/n30/graph87.lgbin,1105,0.25878310203552246
288,random graphs/matuszewski/5_by_n/n30/graph88.lgbin,1267,0.2514986991882324
289,random graphs/matuszewski/5_by_n/n30/graph89.lgbin,1101,0.26090145111083984
290,random graphs/matuszewski/5_by_n/n30/graph90.lgbin,1155,0.2591285705566406
291,random graphs/matuszewski/5_by_n/n30/graph91.lgbin,1231,0.2608160972595215
292,random graphs/matuszewski/5_by_n/n30/graph92.lgbin,1196,0.2542836666107178
293,random graphs/matuszewski/5_by_n/n30/graph93.lgbin,1073,0.26305389404296875
294,random graphs/matuszewski/5_by_n/n30/graph94.lgbin,1207,0.24982309341430664
295,random graphs/matuszewski/5_by_n/n30/graph95.lgbin,1080,0.2560732364654541
296,random graphs/matuszewski/5_by_n/n30/graph96.lgbin,1189,0.2612731456756592
297,random graphs/matuszewski/5_by_n/n30/graph97.lgbin,1118,0.25286388397216797
298,random graphs/matuszewski/5_by_n/n30/graph98.lgbin,1316,0.26178741455078125
299,random graphs/matuszewski/5_by_n/n30/graph99.lgbin,1282,0.2557964324951172
300,random graphs/matuszewski/5_by_n/n40/graph0.lgbin,1994,0.45821619033813477
301,random graphs/matuszewski/5_by_n/n40/graph1.lgbin,2164,0.4700734615325928
302,random graphs/matuszewski/5_by_n/n40/graph2.lgbin,1906,0.4499685764312744
303,random graphs/matuszewski/5_by_n/n40/graph3.lgbin,2144,0.47048211097717285
304,random graphs/matuszewski/5_by_n/n40/graph4.lgbin,2196,0.46027445793151855
305,random graphs/matuszewski/5_by_n/n40/graph5.lgbin,2217,0.4669644832611084
306,random graphs/matuszewski/5_by_n/n40/graph6.lgbin,2360,0.46348023414611816
307,random graphs/matuszewski/5_by_n/n40/graph7.lgbin,2253,0.47951364517211914
308,random graphs/matuszewski/5_by_n/n40/graph8.lgbin,1895,0.4566833972930908
309,random graphs/matuszewski/5_by_n/n40/graph9.lgbin,2334,0.4716911315917969
310,random graphs/matuszewski/5_by_n/n40/graph10.lgbin,2262,0.4728279113769531
311,random graphs/matuszewski/5_by_n/n40/graph11.lgbin,2353,0.4593334197998047
312,random graphs/matuszewski/5_by_n/n40/graph12.lgbin,1869,0.4535095691680908
313,random graphs/matuszewski/5_by_n/n40/graph13.lgbin,2039,0.4635162353515625
314,random graphs/matuszewski/5_by_n/n40/graph14.lgbin,2201,0.46003293991088867
315,random graphs/matuszewski/5_by_n/n40/graph15.lgbin,2081,0.4582815170288086
316,random graphs/matuszewski/5_by_n/n40/graph16.lgbin,2506,0.48162245750427246
317,random graphs/matuszewski/5_by_n/n40/graph17.lgbin,2321,0.46445631980895996
318,random graphs/matuszewski/5_by_n/n40/graph18.lgbin,2224,0.4677703380584717
319,random graphs/matuszewski/5_by_n/n40/graph19.lgbin,2005,0.45122218132019043
320,random graphs/matuszewski/5_by_n/n40/graph20.lgbin,2339,0.45422983169555664
321,random graphs/matuszewski/5_by_n/n40/graph21.lgbin,1973,0.46340322494506836
322,random graphs/matuszewski/5_by_n/n40/graph22.lgbin,2158,0.4466068744659424
323,random graphs/matuszewski/5_by_n/n40/graph23.lgbin,2182,0.4566044807434082
324,random graphs/matuszewski/5_by_n/n40/graph24.lgbin,2199,0.45881223678588867
325,random graphs/matuszewski/5_by_n/n40/graph25.lgbin,2155,0.46016359329223633
326,random graphs/matuszewski/5_by_n/n40/graph26.lgbin,2226,0.46922922134399414
327,random graphs/matuszewski/5_by_n/n40/graph27.lgbin,2268,0.4593980312347412
328,random graphs/matuszewski/5_by_n/n40/graph28.lgbin,2072,0.47283434867858887
329,random graphs/matuszewski/5_by_n/n40/graph29.lgbin,1940,0.4635004997253418
330,random graphs/matuszewski/5_by_n/n40/graph30.lgbin,2367,0.4605448246002197
331,random graphs/matuszewski/5_by_n/n40/graph31.lgbin,2057,0.4729652404785156
332,random graphs/matuszewski/5_by_n/n40/graph32.lgbin,2220,0.46028852462768555
333,random graphs/matuszewski/5_by_n/n40/graph33.lgbin,2007,0.46204113960266113
334,random graphs/matuszewski/5_by_n/n40/graph34.lgbin,2085,0.4604835510253906
335,random graphs/matuszewski/5_by_n/n40/graph35.lgbin,2305,0.46976566314697266
336,random graphs/matuszewski/5_by_n/n40/graph36.lgbin,2292,0.45684075355529785
337,random graphs/matuszewski/5_by_n/n40/graph37.lgbin,2080,0.4736654758453369
338,random graphs/matuszewski/5_by_n/n40/graph38.lgbin,2175,0.4573404788970947
339,random graphs/matuszewski/5_by_n/n40/graph39.lgbin,2019,0.45715928077697754
340,random graphs/matuszewski/5_by_n/n40/graph40.lgbin,2305,0.46547889709472656
341,random graphs/matuszewski/5_by_n/n40/graph41.lgbin,2004,0.4551973342895508
342,random graphs/matuszewski/5_by_n/n40/graph42.lgbin,2159,0.47368669509887695
343,random graphs/matuszewski/5_by_n/n40/graph43.lgbin,2150,0.4785275459289551
344,random graphs/matuszewski/5_by_n/n40/graph44.lgbin,2182,0.48231005668640137
345,random graphs/matuszewski/5_by_n/n40/graph45.lgbin,2028,0.4742240905761719
346,random graphs/matuszewski/5_by_n/n40/graph46.lgbin,2147,0.46172118186950684
347,random graphs/matuszewski/5_by_n/n40/graph47.lgbin,1993,0.46688127517700195
348,random graphs/matuszewski/5_by_n/n40/graph48.lgbin,2333,0.45742225646972656
349,random graphs/matuszewski/5_by_n/n40/graph49.lgbin,2298,0.457988977432251
350,random graphs/matuszewski/5_by_n/n40/graph50.lgbin,2159,0.46549367904663086
351,random graphs/matuszewski/5_by_n/n40/graph51.lgbin,2087,0.4576845169067383
352,random graphs/matuszewski/5_by_n/n40/graph52.lgbin,2216,0.4657294750213623
353,random graphs/matuszewski/5_by_n/n40/graph53.lgbin,2022,0.4672377109527588
354,random graphs/matuszewski/5_by_n/n40/graph54.lgbin,2096,0.46405720710754395
355,random graphs/matuszewski/5_by_n/n40/graph55.lgbin,2105,0.45441222190856934
356,random graphs/matuszewski/5_by_n/n40/graph56.lgbin,2130,0.46349525451660156
357,random graphs/matuszewski/5_by_n/n40/graph57.lgbin,2224,0.4793515205383301
358,random graphs/matuszewski/5_by_n/n40/graph58.lgbin,2279,0.4591667652130127
359,random graphs/matuszewski/5_by_n/n40/graph59.lgbin,2218,0.4635355472564697
360,random graphs/matuszewski/5_by_n/n40/graph60.lgbin,2103,0.46322131156921387
361,random graphs/matuszewski/5_by_n/n40/graph61.lgbin,2123,0.46655869483947754
362,random graphs/matuszewski/5_by_n/n40/graph62.lgbin,2170,0.4731593132019043
363,random graphs/matuszewski/5_by_n/n40/graph63.lgbin,2114,0.47273778915405273
364,random graphs/matuszewski/5_by_n/n40/graph64.lgbin,2041,0.4531893730163574
365,random graphs/matuszewski/5_by_n/n40/graph65.lgbin,2205,0.47264981269836426
366,random graphs/matuszewski/5_by_n/n40/graph66.lgbin,2269,0.46396636962890625
367,random graphs/matuszewski/5_by_n/n40/graph67.lgbin,1993,0.45641350746154785
368,random graphs/matuszewski/5_by_n/n40/graph68.lgbin,2027,0.4531543254852295
369,random graphs/matuszewski/5_by_n/n40/graph69.lgbin,2107,0.46255946159362793
370,random graphs/matuszewski/5_by_n/n40/graph70.lgbin,2230,0.4645366668701172
371,random graphs/matuszewski/5_by_n/n40/graph71.lgbin,2188,0.4587280750274658
372,random graphs/matuszewski/5_by_n/n40/graph72.lgbin,2174,0.46697545051574707
373,random graphs/matuszewski/5_by_n/n40/graph73.lgbin,2249,0.45661449432373047
374,random graphs/matuszewski/5_by_n/n40/graph74.lgbin,2226,0.4630730152130127
375,random graphs/matuszewski/5_by_n/n40/graph75.lgbin,2159,0.45841312408447266
376,random graphs/matuszewski/5_by_n/n40/graph76.lgbin,2023,0.45986390113830566
377,random graphs/matuszewski/5_by_n/n40/graph77.lgbin,2235,0.47017884254455566
378,random graphs/matuszewski/5_by_n/n40/graph78.lgbin,2341,0.4645869731903076
379,random graphs/matuszewski/5_by_n/n40/graph79.lgbin,2214,0.46684861183166504
380,random graphs/matuszewski/5_by_n/n40/graph80.lgbin,2295,0.4702146053314209
381,random graphs/matuszewski/5_by_n/n40/graph81.lgbin,2264,0.46380162239074707
382,random graphs/matuszewski/5_by_n/n40/graph82.lgbin,2149,0.4591395854949951
383,random graphs/matuszewski/5_by_n/n40/graph83.lgbin,2240,0.45790839195251465
384,random graphs/matuszewski/5_by_n/n40/graph84.lgbin,2387,0.4718508720397949
385,random graphs/matuszewski/5_by_n/n40/graph85.lgbin,2092,0.4541134834289551
386,random graphs/matuszewski/5_by_n/n40/graph86.lgbin,2049,0.4749572277069092
387,random graphs/matuszewski/5_by_n/n40/graph87.lgbin,2347,0.45563387870788574
388,random graphs/matuszewski/5_by_n/n40/graph88.lgbin,2004,0.47240328788757324
389,random graphs/matuszewski/5_by_n/n40/graph89.lgbin,2119,0.4625575542449951
390,random graphs/matuszewski/5_by_n/n40/graph90.lgbin,2273,0.45381975173950195
391,random graphs/matuszewski/5_by_n/n40/graph91.lgbin,2198,0.45094895362854004
392,random graphs/matuszewski/5_by_n/n40/graph92.lgbin,2083,0.466461181640625
393,random graphs/matuszewski/5_by_n/n40/graph93.lgbin,2146,0.45166611671447754
394,random graphs/matuszewski/5_by_n/n40/graph94.lgbin,2224,0.4655752182006836
395,random graphs/matuszewski/5_by_n/n40/graph95.lgbin,2063,0.45425939559936523
396,random graphs/matuszewski/5_by_n/n40/graph96.lgbin,2453,0.4741952419281006
397,random graphs/matuszewski/5_by_n/n40/graph97.lgbin,2423,0.5058751106262207
398,random graphs/matuszewski/5_by_n/n40/graph98.lgbin,2189,0.49076247215270996
399,random graphs/matuszewski/5_by_n/n40/graph99.lgbin,2373,0.47397303581237793
400,random graphs/matuszewski/5_by_n/n50/graph0.lgbin,3549,0.756417989730835
401,random graphs/matuszewski/5_by_n/n50/graph1.lgbin,3403,0.7466511726379395
402,random graphs/matuszewski/5_by_n/n50/graph2.lgbin,3443,0.7433528900146484
403,random graphs/matuszewski/5_by_n/n50/graph3.lgbin,3470,0.7531445026397705
404,random graphs/matuszewski/5_by_n/n50/graph4.lgbin,3744,0.7135295867919922
405,random graphs/matuszewski/5_by_n/n50/graph5.lgbin,3896,0.7179770469665527
406,random graphs/matuszewski/5_by_n/n50/graph6.lgbin,3879,0.7151768207550049
407,random graphs/matuszewski/5_by_n/n50/graph7.lgbin,3471,0.7165303230285645
408,random graphs/matuszewski/5_by_n/n50/graph8.lgbin,3784,0.7399930953979492
409,random graphs/matuszewski/5_by_n/n50/graph9.lgbin,3678,0.7359209060668945
410,random graphs/matuszewski/5_by_n/n50/graph10.lgbin,3479,0.7259266376495361
411,random graphs/matuszewski/5_by_n/n50/graph11.lgbin,3106,0.7113711833953857
412,random graphs/matuszewski/5_by_n/n50/graph12.lgbin,3779,0.7201731204986572
413,random graphs/matuszewski/5_by_n/n50/graph13.lgbin,3716,0.7321169376373291
414,random graphs/matuszewski/5_by_n/n50/graph14.lgbin,3739,0.7326140403747559
415,random graphs/matuszewski/5_by_n/n50/graph15.lgbin,3190,0.7330451011657715
416,random graphs/matuszewski/5_by_n/n50/graph16.lgbin,3800,0.7154123783111572
417,random graphs/matuszewski/5_by_n/n50/graph17.lgbin,3196,0.7193682193756104
418,random graphs/matuszewski/5_by_n/n50/graph18.lgbin,3194,0.7229077816009521
419,random graphs/matuszewski/5_by_n/n50/graph19.lgbin,3560,0.7090237140655518
420,random graphs/matuszewski/5_by_n/n50/graph20.lgbin,3735,0.7177579402923584
421,random graphs/matuszewski/5_by_n/n50/graph21.lgbin,3687,0.7190117835998535
422,random graphs/matuszewski/5_by_n/n50/graph22.lgbin,3399,0.7159335613250732
423,random graphs/matuszewski/5_by_n/n50/graph23.lgbin,2962,0.7082583904266357
424,random graphs/matuszewski/5_by_n/n50/graph24.lgbin,3535,0.7358684539794922
425,random graphs/matuszewski/5_by_n/n50/graph25.lgbin,3578,0.7078588008880615
426,random graphs/matuszewski/5_by_n/n50/graph26.lgbin,3524,0.7229645252227783
427,random graphs/matuszewski/5_by_n/n50/graph27.lgbin,3275,0.7295901775360107
428,random graphs/matuszewski/5_by_n/n50/graph28.lgbin,3317,0.712233304977417
429,random graphs/matuszewski/5_by_n/n50/graph29.lgbin,2955,0.7662837505340576
430,random graphs/matuszewski/5_by_n/n50/graph30.lgbin,3694,0.7656629085540771
431,random graphs/matuszewski/5_by_n/n50/graph31.lgbin,3415,0.7192671298980713
432,random graphs/matuszewski/5_by_n/n50/graph32.lgbin,3672,0.7417495250701904
433,random graphs/matuszewski/5_by_n/n50/graph33.lgbin,3734,0.7276434898376465
434,random graphs/matuszewski/5_by_n/n50/graph34.lgbin,3180,0.7222461700439453
435,random graphs/matuszewski/5_by_n/n50/graph35.lgbin,3563,0.7281289100646973
436,random graphs/matuszewski/5_by_n/n50/graph36.lgbin,3496,0.7153818607330322
437,random graphs/matuszewski/5_by_n/n50/graph37.lgbin,3533,0.707136869430542
438,random graphs/matuszewski/5_by_n/n50/graph38.lgbin,3733,0.7236537933349609
439,random graphs/matuszewski/5_by_n/n50/graph39.lgbin,3108,0.7129738330841064
440,random graphs/matuszewski/5_by_n/n50/graph40.lgbin,3392,0.7345058917999268
441,random graphs/matuszewski/5_by_n/n50/graph41.lgbin,3363,0.7324740886688232
442,random graphs/matuszewski/5_by_n/n50/graph42.lgbin,3743,0.7324690818786621
443,random graphs/matuszewski/5_by_n/n50/graph43.lgbin,3832,0.7281389236450195
444,random graphs/matuszewski/5_by_n/n50/graph44.lgbin,3569,0.7319357395172119
445,random graphs/matuszewski/5_by_n/n50/graph45.lgbin,3330,0.7271521091461182
446,random graphs/matuszewski/5_by_n/n50/graph46.lgbin,3725,0.7438535690307617
447,random graphs/matuszewski/5_by_n/n50/graph47.lgbin,3641,0.7337534427642822
448,random graphs/matuszewski/5_by_n/n50/graph48.lgbin,3348,0.7204315662384033
449,random graphs/matuszewski/5_by_n/n50/graph49.lgbin,3526,0.7282750606536865
450,random graphs/matuszewski/5_by_n/n50/graph50.lgbin,3820,0.7261559963226318
451,random graphs/matuszewski/5_by_n/n50/graph51.lgbin,3639,0.7405655384063721
452,random graphs/matuszewski/5_by_n/n50/graph52.lgbin,3546,0.7280800342559814
453,random graphs/matuszewski/5_by_n/n50/graph53.lgbin,3484,0.723365068435669
454,random graphs/matuszewski/5_by_n/n50/graph54.lgbin,3843,0.7557723522186279
455,random graphs/matuszewski/5_by_n/n50/graph55.lgbin,3444,0.7071185111999512
456,random graphs/matuszewski/5_by_n/n50/graph56.lgbin,3528,0.7110285758972168
457,random graphs/matuszewski/5_by_n/n50/graph57.lgbin,3296,0.7298569679260254
458,random graphs/matuszewski/5_by_n/n50/graph58.lgbin,3494,0.7234630584716797
459,random graphs/matuszewski/5_by_n/n50/graph59.lgbin,3749,0.7286620140075684
460,random graphs/matuszewski/5_by_n/n50/graph60.lgbin,3427,0.719459056854248
461,random graphs/matuszewski/5_by_n/n50/graph61.lgbin,3383,0.7121672630310059
462,random graphs/matuszewski/5_by_n/n50/graph62.lgbin,3613,0.710101842880249
463,random graphs/matuszewski/5_by_n/n50/graph63.lgbin,3667,0.7240827083587646
464,random graphs/matuszewski/5_by_n/n50/graph64.lgbin,3605,0.7233045101165771
465,random graphs/matuszewski/5_by_n/n50/graph65.lgbin,3584,0.7219986915588379
466,random graphs/matuszewski/5_by_n/n50/graph66.lgbin,3860,0.7329394817352295
467,random graphs/matuszewski/5_by_n/n50/graph67.lgbin,3359,0.7173802852630615
468,random graphs/matuszewski/5_by_n/n50/graph68.lgbin,3289,0.7011632919311523
469,random graphs/matuszewski/5_by_n/n50/graph69.lgbin,3036,0.705834150314331
470,random graphs/matuszewski/5_by_n/n50/graph70.lgbin,3441,0.7108542919158936
471,random graphs/matuszewski/5_by_n/n50/graph71.lgbin,3738,0.7193648815155029
472,random graphs/matuszewski/5_by_n/n50/graph72.lgbin,3485,0.7113802433013916
473,random graphs/matuszewski/5_by_n/n50/graph73.lgbin,3469,0.7225232124328613
474,random graphs/matuszewski/5_by_n/n50/graph74.lgbin,3472,0.7390217781066895
475,random graphs/matuszewski/5_by_n/n50/graph75.lgbin,3498,0.7153072357177734
476,random graphs/matuszewski/5_by_n/n50/graph76.lgbin,3155,0.7094070911407471
477,random graphs/matuszewski/5_by_n/n50/graph77.lgbin,4022,0.7296469211578369
478,random graphs/matuszewski/5_by_n/n50/graph78.lgbin,3451,0.7070798873901367
479,random graphs/matuszewski/5_by_n/n50/graph79.lgbin,3296,0.721350908279419
480,random graphs/matuszewski/5_by_n/n50/graph80.lgbin,3532,0.7450287342071533
481,random graphs/matuszewski/5_by_n/n50/graph81.lgbin,3396,0.7124335765838623
482,random graphs/matuszewski/5_by_n/n50/graph82.lgbin,3251,0.7171962261199951
483,random graphs/matuszewski/5_by_n/n50/graph83.lgbin,3680,0.7127020359039307
484,random graphs/matuszewski/5_by_n/n50/graph84.lgbin,3643,0.7313747406005859
485,random graphs/matuszewski/5_by_n/n50/graph85.lgbin,3712,0.7236194610595703
486,random graphs/matuszewski/5_by_n/n50/graph86.lgbin,3525,0.7295801639556885
487,random graphs/matuszewski/5_by_n/n50/graph87.lgbin,3263,0.7065069675445557
488,random graphs/matuszewski/5_by_n/n50/graph88.lgbin,3726,0.7212398052215576
489,random graphs/matuszewski/5_by_n/n50/graph89.lgbin,3480,0.7339589595794678
490,random graphs/matuszewski/5_by_n/n50/graph90.lgbin,3715,0.7115168571472168
491,random graphs/matuszewski/5_by_n/n50/graph91.lgbin,3250,0.7148301601409912
492,random graphs/matuszewski/5_by_n/n50/graph92.lgbin,3441,0.7110674381256104
493,random graphs/matuszewski/5_by_n/n50/graph93.lgbin,3318,0.7241115570068359
494,random graphs/matuszewski/5_by_n/n50/graph94.lgbin,3547,0.7275063991546631
495,random graphs/matuszewski/5_by_n/n50/graph95.lgbin,3319,0.716515064239502
496,random graphs/matuszewski/5_by_n/n50/graph96.lgbin,3375,0.7122254371643066
497,random graphs/matuszewski/5_by_n/n50/graph97.lgbin,3506,0.719414472579956
498,random graphs/matuszewski/5_by_n/n50/graph98.lgbin,3127,0.7189741134643555
499,random graphs/matuszewski/5_by_n/n50/graph99.lgbin,3678,0.7093040943145752
500,random graphs/matuszewski/5_by_n/n60/graph0.lgbin,5178,1.0393121242523193
501,random graphs/matuszewski/5_by_n/n60/graph1.lgbin,5520,1.0594651699066162
502,random graphs/matuszewski/5_by_n/n60/graph2.lgbin,5290,1.0460050106048584
503,random graphs/matuszewski/5_by_n/n60/graph3.lgbin,5455,1.0427563190460205
504,random graphs/matuszewski/5_by_n/n60/graph4.lgbin,4973,1.0379724502563477
505,random graphs/matuszewski/5_by_n/n60/graph5.lgbin,4912,1.034912347793579
506,random graphs/matuszewski/5_by_n/n60/graph6.lgbin,5461,1.0515072345733643
507,random graphs/matuszewski/5_by_n/n60/graph7.lgbin,5565,1.0612177848815918
508,random graphs/matuszewski/5_by_n/n60/graph8.lgbin,5297,1.0436670780181885
509,random graphs/matuszewski/5_by_n/n60/graph9.lgbin,5328,1.0460398197174072
510,random graphs/matuszewski/5_by_n/n60/graph10.lgbin,5388,1.0585517883300781
511,random graphs/matuszewski/5_by_n/n60/graph11.lgbin,5289,1.0516293048858643
512,random graphs/matuszewski/5_by_n/n60/graph12.lgbin,4720,1.04371976852417
513,random graphs/matuszewski/5_by_n/n60/graph13.lgbin,5068,1.0517988204956055
514,random graphs/matuszewski/5_by_n/n60/graph14.lgbin,4952,1.0278265476226807
515,random graphs/matuszewski/5_by_n/n60/graph15.lgbin,5027,1.0315883159637451
516,random graphs/matuszewski/5_by_n/n60/graph16.lgbin,4837,1.0440330505371094
517,random graphs/matuszewski/5_by_n/n60/graph17.lgbin,5290,1.0232741832733154
518,random graphs/matuszewski/5_by_n/n60/graph18.lgbin,5910,1.0465738773345947
519,random graphs/matuszewski/5_by_n/n60/graph19.lgbin,5305,1.0509614944458008
520,random graphs/matuszewski/5_by_n/n60/graph20.lgbin,5104,1.0303480625152588
521,random graphs/matuszewski/5_by_n/n60/graph21.lgbin,4691,1.052793025970459
522,random graphs/matuszewski/5_by_n/n60/graph22.lgbin,5033,1.055239200592041
523,random graphs/matuszewski/5_by_n/n60/graph23.lgbin,5549,1.0477986335754395
524,random graphs/matuszewski/5_by_n/n60/graph24.lgbin,5264,1.0435049533843994
525,random graphs/matuszewski/5_by_n/n60/graph25.lgbin,4902,1.020061731338501
526,random graphs/matuszewski/5_by_n/n60/graph26.lgbin,4958,1.013010025024414
527,random graphs/matuszewski/5_by_n/n60/graph27.lgbin,5138,1.0279185771942139
528,random graphs/matuszewski/5_by_n/n60/graph28.lgbin,4992,1.0126867294311523
529,random graphs/matuszewski/5_by_n/n60/graph29.lgbin,4756,1.0339395999908447
530,random graphs/matuszewski/5_by_n/n60/graph30.lgbin,5045,1.0330438613891602
531,random graphs/matuszewski/5_by_n/n60/graph31.lgbin,5254,1.0467586517333984
532,random graphs/matuszewski/5_by_n/n60/graph32.lgbin,4975,1.0819125175476074
533,random graphs/matuszewski/5_by_n/n60/graph33.lgbin,5373,1.0234005451202393
534,random graphs/matuszewski/5_by_n/n60/graph34.lgbin,5593,1.0289456844329834
535,random graphs/matuszewski/5_by_n/n60/graph35.lgbin,5799,1.053184986114502
536,random graphs/matuszewski/5_by_n/n60/graph36.lgbin,4720,1.0255095958709717
537,random graphs/matuszewski/5_by_n/n60/graph37.lgbin,5511,1.0345897674560547
538,random graphs/matuszewski/5_by_n/n60/graph38.lgbin,5022,1.0540945529937744
539,random graphs/matuszewski/5_by_n/n60/graph39.lgbin,5024,1.0198183059692383
540,random graphs/matuszewski/5_by_n/n60/graph40.lgbin,4520,1.035093069076538
541,random graphs/matuszewski/5_by_n/n60/graph41.lgbin,5465,1.0353796482086182
542,random graphs/matuszewski/5_by_n/n60/graph42.lgbin,4719,1.0186488628387451
543,random graphs/matuszewski/5_by_n/n60/graph43.lgbin,5252,1.0553803443908691
544,random graphs/matuszewski/5_by_n/n60/graph44.lgbin,5144,1.0421476364135742
545,random graphs/matuszewski/5_by_n/n60/graph45.lgbin,5357,1.1055452823638916
546,random graphs/matuszewski/5_by_n/n60/graph46.lgbin,4852,1.1155645847320557
547,random graphs/matuszewski/5_by_n/n60/graph47.lgbin,5239,1.0992746353149414
548,random graphs/matuszewski/5_by_n/n60/graph48.lgbin,5938,1.122668981552124
549,random graphs/matuszewski/5_by_n/n60/graph49.lgbin,5099,1.0663201808929443
550,random graphs/matuszewski/5_by_n/n60/graph50.lgbin,5673,1.054741621017456
551,random graphs/matuszewski/5_by_n/n60/graph51.lgbin,4831,1.0611722469329834
552,random graphs/matuszewski/5_by_n/n60/graph52.lgbin,4644,1.0291783809661865
553,random graphs/matuszewski/5_by_n/n60/graph53.lgbin,5462,1.0657179355621338
554,random graphs/matuszewski/5_by_n/n60/graph54.lgbin,4624,1.0264360904693604
555,random graphs/matuszewski/5_by_n/n60/graph55.lgbin,5430,1.0375208854675293
556,random graphs/matuszewski/5_by_n/n60/graph56.lgbin,5350,1.026069164276123
557,random graphs/matuszewski/5_by_n/n60/graph57.lgbin,5651,1.024395227432251
558,random graphs/matuszewski/5_by_n/n60/graph58.lgbin,5363,1.0646913051605225
559,random graphs/matuszewski/5_by_n/n60/graph59.lgbin,5232,1.0272374153137207
560,random graphs/matuszewski/5_by_n/n60/graph60.lgbin,5315,1.0530073642730713
561,random graphs/matuszewski/5_by_n/n60/graph61.lgbin,5588,1.0442273616790771
562,random graphs/matuszewski/5_by_n/n60/graph62.lgbin,4749,1.0197467803955078
563,random graphs/matuszewski/5_by_n/n60/graph63.lgbin,5571,1.012962818145752
564,random graphs/matuszewski/5_by_n/n60/graph64.lgbin,5083,1.0792748928070068
565,random graphs/matuszewski/5_by_n/n60/graph65.lgbin,5535,1.0257594585418701
566,random graphs/matuszewski/5_by_n/n60/graph66.lgbin,5373,1.0219230651855469
567,random graphs/matuszewski/5_by_n/n60/graph67.lgbin,5049,1.036957025527954
568,random graphs/matuszewski/5_by_n/n60/graph68.lgbin,4788,1.009178876876831
569,random graphs/matuszewski/5_by_n/n60/graph69.lgbin,4735,1.022247552871704
570,random graphs/matuszewski/5_by_n/n60/graph70.lgbin,5689,1.0605266094207764
571,random graphs/matuszewski/5_by_n/n60/graph71.lgbin,5623,1.0556108951568604
572,random graphs/matuszewski/5_by_n/n60/graph72.lgbin,5608,1.0800938606262207
573,random graphs/matuszewski/5_by_n/n60/graph73.lgbin,5408,1.0541129112243652
574,random graphs/matuszewski/5_by_n/n60/graph74.lgbin,5672,1.0377795696258545
575,random graphs/matuszewski/5_by_n/n60/graph75.lgbin,5399,1.0360989570617676
576,random graphs/matuszewski/5_by_n/n60/graph76.lgbin,5092,1.0414941310882568
577,random graphs/matuszewski/5_by_n/n60/graph77.lgbin,5354,1.039513349533081
578,random graphs/matuszewski/5_by_n/n60/graph78.lgbin,5082,1.0672526359558105
579,random graphs/matuszewski/5_by_n/n60/graph79.lgbin,4415,1.0351872444152832
580,random graphs/matuszewski/5_by_n/n60/graph80.lgbin,5479,1.0398004055023193
581,random graphs/matuszewski/5_by_n/n60/graph81.lgbin,4979,1.0307142734527588
582,random graphs/matuszewski/5_by_n/n60/graph82.lgbin,5299,1.0455360412597656
583,random graphs/matuszewski/5_by_n/n60/graph83.lgbin,5814,1.04862380027771
584,random graphs/matuszewski/5_by_n/n60/graph84.lgbin,5336,1.0544066429138184
585,random graphs/matuszewski/5_by_n/n60/graph85.lgbin,4793,1.043855905532837
586,random graphs/matuszewski/5_by_n/n60/graph86.lgbin,5495,1.0601873397827148
587,random graphs/matuszewski/5_by_n/n60/graph87.lgbin,5453,1.0457284450531006
588,random graphs/matuszewski/5_by_n/n60/graph88.lgbin,5714,1.0571885108947754
589,random graphs/matuszewski/5_by_n/n60/graph89.lgbin,4848,1.008805751800537
590,random graphs/matuszewski/5_by_n/n60/graph90.lgbin,5996,1.0755505561828613
591,random graphs/matuszewski/5_by_n/n60/graph91.lgbin,5088,1.045159101486206
592,random graphs/matuszewski/5_by_n/n60/graph92.lgbin,5251,1.0101737976074219
593,random graphs/matuszewski/5_by_n/n60/graph93.lgbin,4573,1.0245451927185059
594,random graphs/matuszewski/5_by_n/n60/graph94.lgbin,5221,1.05006742477417
595,random graphs/matuszewski/5_by_n/n60/graph95.lgbin,5331,1.0459671020507812
596,random graphs/matuszewski/5_by_n/n60/graph96.lgbin,4895,1.0181212425231934
597,random graphs/matuszewski/5_by_n/n60/graph97.lgbin,4702,1.0239231586456299
598,random graphs/matuszewski/5_by_n/n60/graph98.lgbin,4679,1.0331416130065918
599,random graphs/matuszewski/5_by_n/n60/graph99.lgbin,4891,1.053008794784546
600,random graphs/matuszewski/5_by_n/n70/graph0.lgbin,7105,1.4395956993103027
601,random graphs/matuszewski/5_by_n/n70/graph1.lgbin,7456,1.405766487121582
602,random graphs/matuszewski/5_by_n/n70/graph2.lgbin,7692,1.4398689270019531
603,random graphs/matuszewski/5_by_n/n70/graph3.lgbin,7354,1.407987356185913
604,random graphs/matuszewski/5_by_n/n70/graph4.lgbin,6880,1.3766419887542725
605,random graphs/matuszewski/5_by_n/n70/graph5.lgbin,6869,1.4058167934417725
606,random graphs/matuszewski/5_by_n/n70/graph6.lgbin,7648,1.3985354900360107
607,random graphs/matuszewski/5_by_n/n70/graph7.lgbin,6632,1.3909368515014648
608,random graphs/matuszewski/5_by_n/n70/graph8.lgbin,7130,1.3995420932769775
609,random graphs/matuszewski/5_by_n/n70/graph9.lgbin,7137,1.4238381385803223
610,random graphs/matuszewski/5_by_n/n70/graph10.lgbin,7339,1.4085848331451416
611,random graphs/matuszewski/5_by_n/n70/graph11.lgbin,7801,1.4259705543518066
612,random graphs/matuszewski/5_by_n/n70/graph12.lgbin,6852,1.3931317329406738
613,random graphs/matuszewski/5_by_n/n70/graph13.lgbin,6882,1.4245033264160156
614,random graphs/matuszewski/5_by_n/n70/graph14.lgbin,7570,1.4195101261138916
615,random graphs/matuszewski/5_by_n/n70/graph15.lgbin,7361,1.3985211849212646
616,random graphs/matuszewski/5_by_n/n70/graph16.lgbin,7019,1.431168556213379
617,random graphs/matuszewski/5_by_n/n70/graph17.lgbin,7101,1.3918113708496094
618,random graphs/matuszewski/5_by_n/n70/graph18.lgbin,7337,1.3864612579345703
619,random graphs/matuszewski/5_by_n/n70/graph19.lgbin,7108,1.401331901550293
620,random graphs/matuszewski/5_by_n/n70/graph20.lgbin,7206,1.4019312858581543
621,random graphs/matuszewski/5_by_n/n70/graph21.lgbin,6969,1.4414913654327393
622,random graphs/matuszewski/5_by_n/n70/graph22.lgbin,7640,1.3878135681152344
623,random graphs/matuszewski/5_by_n/n70/graph23.lgbin,6937,1.374995231628418
624,random graphs/matuszewski/5_by_n/n70/graph24.lgbin,7628,1.4306981563568115
625,random graphs/matuszewski/5_by_n/n70/graph25.lgbin,7295,1.394704818725586
626,random graphs/matuszewski/5_by_n/n70/graph26.lgbin,6611,1.4002346992492676
627,random graphs/matuszewski/5_by_n/n70/graph27.lgbin,7284,1.4245038032531738
628,random graphs/matuszewski/5_by_n/n70/graph28.lgbin,6702,1.4476699829101562
629,random graphs/matuszewski/5_by_n/n70/graph29.lgbin,7051,1.388404369354248
630,random graphs/matuszewski/5_by_n/n70/graph30.lgbin,7347,1.4013826847076416
631,random graphs/matuszewski/5_by_n/n70/graph31.lgbin,7442,1.3961541652679443
632,random graphs/matuszewski/5_by_n/n70/graph32.lgbin,6843,1.3994736671447754
633,random graphs/matuszewski/5_by_n/n70/graph33.lgbin,6558,1.4094700813293457
634,random graphs/matuszewski/5_by_n/n70/graph34.lgbin,7821,1.424628496170044
635,random graphs/matuszewski/5_by_n/n70/graph35.lgbin,7726,1.4394001960754395
636,random graphs/matuszewski/5_by_n/n70/graph36.lgbin,6811,1.3798038959503174
637,random graphs/matuszewski/5_by_n/n70/graph37.lgbin,7302,1.3920114040374756
638,random graphs/matuszewski/5_by_n/n70/graph38.lgbin,7539,1.4331843852996826
639,random graphs/matuszewski/5_by_n/n70/graph39.lgbin,7427,1.4265687465667725
640,random graphs/matuszewski/5_by_n/n70/graph40.lgbin,7117,1.400536298751831
641,random graphs/matuszewski/5_by_n/n70/graph41.lgbin,8092,1.4175331592559814
642,random graphs/matuszewski/5_by_n/n70/graph42.lgbin,7613,1.4612984657287598
643,random graphs/matuszewski/5_by_n/n70/graph43.lgbin,7415,1.4272778034210205
644,random graphs/matuszewski/5_by_n/n70/graph44.lgbin,7296,1.4049742221832275
645,random graphs/matuszewski/5_by_n/n70/graph45.lgbin,7544,1.4455058574676514
646,random graphs/matuszewski/5_by_n/n70/graph46.lgbin,7853,1.418771505355835
647,random graphs/matuszewski/5_by_n/n70/graph47.lgbin,7287,1.4116928577423096
648,random graphs/matuszewski/5_by_n/n70/graph48.lgbin,7845,1.4193470478057861
649,random graphs/matuszewski/5_by_n/n70/graph49.lgbin,7225,1.4209177494049072
650,random graphs/matuszewski/5_by_n/n70/graph50.lgbin,7241,1.4393641948699951
651,random graphs/matuszewski/5_by_n/n70/graph51.lgbin,7245,1.4195220470428467
652,random graphs/matuszewski/5_by_n/n70/graph52.lgbin,6657,1.4286234378814697
653,random graphs/matuszewski/5_by_n/n70/graph53.lgbin,7113,1.4465904235839844
654,random graphs/matuszewski/5_by_n/n70/graph54.lgbin,7418,1.459052324295044
655,random graphs/matuszewski/5_by_n/n70/graph55.lgbin,6716,1.4272701740264893
656,random graphs/matuszewski/5_by_n/n70/graph56.lgbin,6935,1.402050495147705
657,random graphs/matuszewski/5_by_n/n70/graph57.lgbin,8234,1.4053280353546143
658,random graphs/matuszewski/5_by_n/n70/graph58.lgbin,7686,1.474350929260254
659,random graphs/matuszewski/5_by_n/n70/graph59.lgbin,7168,1.4232864379882812
660,random graphs/matuszewski/5_by_n/n70/graph60.lgbin,6967,1.4050185680389404
661,random graphs/matuszewski/5_by_n/n70/graph61.lgbin,7719,1.4207100868225098
662,random graphs/matuszewski/5_by_n/n70/graph62.lgbin,6690,1.403644323348999
663,random graphs/matuszewski/5_by_n/n70/graph63.lgbin,7337,1.4164891242980957
664,random graphs/matuszewski/5_by_n/n70/graph64.lgbin,6903,1.4360389709472656
665,random graphs/matuszewski/5_by_n/n70/graph65.lgbin,7224,1.4121153354644775
666,random graphs/matuszewski/5_by_n/n70/graph66.lgbin,7613,1.3908987045288086
667,random graphs/matuszewski/5_by_n/n70/graph67.lgbin,6726,1.4029839038848877
668,random graphs/matuszewski/5_by_n/n70/graph68.lgbin,6972,1.427926778793335
669,random graphs/matuszewski/5_by_n/n70/graph69.lgbin,7328,1.3945202827453613
670,random graphs/matuszewski/5_by_n/n70/graph70.lgbin,7395,1.4019496440887451
671,random graphs/matuszewski/5_by_n/n70/graph71.lgbin,7003,1.3999297618865967
672,random graphs/matuszewski/5_by_n/n70/graph72.lgbin,7190,1.3901629447937012
673,random graphs/matuszewski/5_by_n/n70/graph73.lgbin,6862,1.4258081912994385
674,random graphs/matuszewski/5_by_n/n70/graph74.lgbin,8120,1.3987069129943848
675,random graphs/matuszewski/5_by_n/n70/graph75.lgbin,7602,1.4004056453704834
676,random graphs/matuszewski/5_by_n/n70/graph76.lgbin,8189,1.4529588222503662
677,random graphs/matuszewski/5_by_n/n70/graph77.lgbin,7425,1.4381842613220215
678,random graphs/matuszewski/5_by_n/n70/graph78.lgbin,7185,1.4062275886535645
679,random graphs/matuszewski/5_by_n/n70/graph79.lgbin,7689,1.4112415313720703
680,random graphs/matuszewski/5_by_n/n70/graph80.lgbin,7789,1.3874962329864502
681,random graphs/matuszewski/5_by_n/n70/graph81.lgbin,7456,1.4304766654968262
682,random graphs/matuszewski/5_by_n/n70/graph82.lgbin,7051,1.39638090133667
683,random graphs/matuszewski/5_by_n/n70/graph83.lgbin,7413,1.4388823509216309
684,random graphs/matuszewski/5_by_n/n70/graph84.lgbin,6833,1.4218552112579346
685,random graphs/matuszewski/5_by_n/n70/graph85.lgbin,7347,1.3971693515777588
686,random graphs/matuszewski/5_by_n/n70/graph86.lgbin,6760,1.4232792854309082
687,random graphs/matuszewski/5_by_n/n70/graph87.lgbin,7499,1.4038989543914795
688,random graphs/matuszewski/5_by_n/n70/graph88.lgbin,6823,1.3857994079589844
689,random graphs/matuszewski/5_by_n/n70/graph89.lgbin,6693,1.3977277278900146
690,random graphs/matuszewski/5_by_n/n70/graph90.lgbin,6726,1.377380609512329
691,random graphs/matuszewski/5_by_n/n70/graph91.lgbin,7191,1.4207103252410889
692,random graphs/matuszewski/5_by_n/n70/graph92.lgbin,6783,1.4031872749328613
693,random graphs/matuszewski/5_by_n/n70/graph93.lgbin,6973,1.491992712020874
694,random graphs/matuszewski/5_by_n/n70/graph94.lgbin,6902,1.4236464500427246
695,random graphs/matuszewski/5_by_n/n70/graph95.lgbin,6991,1.3888640403747559
696,random graphs/matuszewski/5_by_n/n70/graph96.lgbin,7221,1.3747713565826416
697,random graphs/matuszewski/5_by_n/n70/graph97.lgbin,7214,1.4028310775756836
698,random graphs/matuszewski/5_by_n/n70/graph98.lgbin,7569,1.4215221405029297
699,random graphs/matuszewski/5_by_n/n70/graph99.lgbin,7085,1.4043726921081543
700,random graphs/matuszewski/5_by_n/n80/graph0.lgbin,9946,1.8636558055877686
701,random graphs/matuszewski/5_by_n/n80/graph1.lgbin,9726,1.8880398273468018
702,random graphs/matuszewski/5_by_n/n80/graph2.lgbin,9477,1.8425970077514648
703,random graphs/matuszewski/5_by_n/n80/graph3.lgbin,9358,1.8332836627960205
704,random graphs/matuszewski/5_by_n/n80/graph4.lgbin,10273,1.8822360038757324
705,random graphs/matuszewski/5_by_n/n80/graph5.lgbin,9539,1.8445024490356445
706,random graphs/matuszewski/5_by_n/n80/graph6.lgbin,9629,1.8179636001586914
707,random graphs/matuszewski/5_by_n/n80/graph7.lgbin,10076,1.8604676723480225
708,random graphs/matuszewski/5_by_n/n80/graph8.lgbin,9854,1.829451322555542
709,random graphs/matuszewski/5_by_n/n80/graph9.lgbin,9648,1.8724429607391357
710,random graphs/matuszewski/5_by_n/n80/graph10.lgbin,9634,1.8186895847320557
711,random graphs/matuszewski/5_by_n/n80/graph11.lgbin,9816,1.8584434986114502
712,random graphs/matuszewski/5_by_n/n80/graph12.lgbin,9387,1.8439300060272217
713,random graphs/matuszewski/5_by_n/n80/graph13.lgbin,9394,1.8180584907531738
714,random graphs/matuszewski/5_by_n/n80/graph14.lgbin,9790,1.82761812210083
715,random graphs/matuszewski/5_by_n/n80/graph15.lgbin,9771,1.8695147037506104
716,random graphs/matuszewski/5_by_n/n80/graph16.lgbin,9615,1.8949270248413086
717,random graphs/matuszewski/5_by_n/n80/graph17.lgbin,9644,1.8228106498718262
718,random graphs/matuszewski/5_by_n/n80/graph18.lgbin,10318,1.8838047981262207
719,random graphs/matuszewski/5_by_n/n80/graph19.lgbin,10495,1.8373339176177979
720,random graphs/matuszewski/5_by_n/n80/graph20.lgbin,10652,1.8950138092041016
721,random graphs/matuszewski/5_by_n/n80/graph21.lgbin,9582,1.84246826171875
722,random graphs/matuszewski/5_by_n/n80/graph22.lgbin,9623,1.826479434967041
723,random graphs/matuszewski/5_by_n/n80/graph23.lgbin,9744,1.8121168613433838
724,random graphs/matuszewski/5_by_n/n80/graph24.lgbin,9147,1.7875087261199951
725,random graphs/matuszewski/5_by_n/n80/graph25.lgbin,9132,1.8246238231658936
726,random graphs/matuszewski/5_by_n/n80/graph26.lgbin,11233,1.882068395614624
727,random graphs/matuszewski/5_by_n/n80/graph27.lgbin,10633,1.8581640720367432
728,random graphs/matuszewski/5_by_n/n80/graph28.lgbin,9712,1.8956100940704346
729,random graphs/matuszewski/5_by_n/n80/graph29.lgbin,9588,1.8912742137908936
730,random graphs/matuszewski/5_by_n/n80/graph30.lgbin,9830,1.8519606590270996
731,random graphs/matuszewski/5_by_n/n80/graph31.lgbin,9653,1.8219971656799316
732,random graphs/matuszewski/5_by_n/n80/graph32.lgbin,8746,1.929107666015625
733,random graphs/matuszewski/5_by_n/n80/graph33.lgbin,8982,1.8656988143920898
734,random graphs/matuszewski/5_by_n/n80/graph34.lgbin,9379,1.914717674255371
735,random graphs/matuszewski/5_by_n/n80/graph35.lgbin,11128,1.9200057983398438
736,random graphs/matuszewski/5_by_n/n80/graph36.lgbin,10425,1.8444488048553467
737,random graphs/matuszewski/5_by_n/n80/graph37.lgbin,8970,1.8402431011199951
738,random graphs/matuszewski/5_by_n/n80/graph38.lgbin,9323,1.8474690914154053
739,random graphs/matuszewski/5_by_n/n80/graph39.lgbin,9373,1.8392198085784912
740,random graphs/matuszewski/5_by_n/n80/graph40.lgbin,9356,1.8452143669128418
741,random graphs/matuszewski/5_by_n/n80/graph41.lgbin,9231,1.829641580581665
742,random graphs/matuszewski/5_by_n/n80/graph42.lgbin,9776,1.8485453128814697
743,random graphs/matuszewski/5_by_n/n80/graph43.lgbin,10366,1.894355058670044
744,random graphs/matuszewski/5_by_n/n80/graph44.lgbin,10114,1.879734992980957
745,random graphs/matuszewski/5_by_n/n80/graph45.lgbin,8601,1.8737261295318604
746,random graphs/matuszewski/5_by_n/n80/graph46.lgbin,9664,1.8162550926208496
747,random graphs/matuszewski/5_by_n/n80/graph47.lgbin,9502,1.8388755321502686
748,random graphs/matuszewski/5_by_n/n80/graph48.lgbin,10051,1.8453648090362549
749,random graphs/matuszewski/5_by_n/n80/graph49.lgbin,10084,1.8407847881317139
750,random graphs/matuszewski/5_by_n/n80/graph50.lgbin,9538,1.8816885948181152
751,random graphs/matuszewski/5_by_n/n80/graph51.lgbin,9445,1.8387391567230225
752,random graphs/matuszewski/5_by_n/n80/graph52.lgbin,10148,1.827524185180664
753,random graphs/matuszewski/5_by_n/n80/graph53.lgbin,10099,1.8570806980133057
754,random graphs/matuszewski/5_by_n/n80/graph54.lgbin,8742,1.8116967678070068
755,random graphs/matuszewski/5_by_n/n80/graph55.lgbin,9200,1.8653104305267334
756,random graphs/matuszewski/5_by_n/n80/graph56.lgbin,9899,1.82905912399292
757,random graphs/matuszewski/5_by_n/n80/graph57.lgbin,9477,1.8729557991027832
758,random graphs/matuszewski/5_by_n/n80/graph58.lgbin,9086,1.8012802600860596
759,random graphs/matuszewski/5_by_n/n80/graph59.lgbin,10100,1.8313837051391602
760,random graphs/matuszewski/5_by_n/n80/graph60.lgbin,9422,1.834568738937378
761,random graphs/matuszewski/5_by_n/n80/graph61.lgbin,10390,1.837533950805664
762,random graphs/matuszewski/5_by_n/n80/graph62.lgbin,8825,1.8059091567993164
763,random graphs/matuszewski/5_by_n/n80/graph63.lgbin,9382,1.8657517433166504
764,random graphs/matuszewski/5_by_n/n80/graph64.lgbin,10087,1.8354980945587158
765,random graphs/matuszewski/5_by_n/n80/graph65.lgbin,9718,1.854490041732788
766,random graphs/matuszewski/5_by_n/n80/graph66.lgbin,9174,1.817068099975586
767,random graphs/matuszewski/5_by_n/n80/graph67.lgbin,10416,1.8634037971496582
768,random graphs/matuszewski/5_by_n/n80/graph68.lgbin,9144,1.8333497047424316
769,random graphs/matuszewski/5_by_n/n80/graph69.lgbin,9106,1.8846731185913086
770,random graphs/matuszewski/5_by_n/n80/graph70.lgbin,10008,1.8820607662200928
771,random graphs/matuszewski/5_by_n/n80/graph71.lgbin,9745,1.8465590476989746
772,random graphs/matuszewski/5_by_n/n80/graph72.lgbin,10168,1.8306238651275635
773,random graphs/matuszewski/5_by_n/n80/graph73.lgbin,9039,1.8536629676818848
774,random graphs/matuszewski/5_by_n/n80/graph74.lgbin,9571,1.864844560623169
775,random graphs/matuszewski/5_by_n/n80/graph75.lgbin,10176,1.8295018672943115
776,random graphs/matuszewski/5_by_n/n80/graph76.lgbin,9207,1.849123477935791
777,random graphs/matuszewski/5_by_n/n80/graph77.lgbin,9877,1.8062021732330322
778,random graphs/matuszewski/5_by_n/n80/graph78.lgbin,9604,1.8477275371551514
779,random graphs/matuszewski/5_by_n/n80/graph79.lgbin,9330,1.858905553817749
780,random graphs/matuszewski/5_by_n/n80/graph80.lgbin,9108,1.8155865669250488
781,random graphs/matuszewski/5_by_n/n80/graph81.lgbin,9343,1.8102312088012695
782,random graphs/matuszewski/5_by_n/n80/graph82.lgbin,9360,1.8384099006652832
783,random graphs/matuszewski/5_by_n/n80/graph83.lgbin,9566,1.8505959510803223
784,random graphs/matuszewski/5_by_n/n80/graph84.lgbin,8740,1.8587608337402344
785,random graphs/matuszewski/5_by_n/n80/graph85.lgbin,10042,1.8396644592285156
786,random graphs/matuszewski/5_by_n/n80/graph86.lgbin,9164,1.8211886882781982
787,random graphs/matuszewski/5_by_n/n80/graph87.lgbin,10134,1.8298661708831787
788,random graphs/matuszewski/5_by_n/n80/graph88.lgbin,8859,1.8293414115905762
789,random graphs/matuszewski/5_by_n/n80/graph89.lgbin,9270,1.8720176219940186
790,random graphs/matuszewski/5_by_n/n80/graph90.lgbin,10968,1.8728044033050537
791,random graphs/matuszewski/5_by_n/n80/graph91.lgbin,8891,1.8151495456695557
792,random graphs/matuszewski/5_by_n/n80/graph92.lgbin,8902,1.8668081760406494
793,random graphs/matuszewski/5_by_n/n80/graph93.lgbin,9715,1.830207347869873
794,random graphs/matuszewski/5_by_n/n80/graph94.lgbin,9543,1.8520240783691406
795,random graphs/matuszewski/5_by_n/n80/graph95.lgbin,9540,1.8246986865997314
796,random graphs/matuszewski/5_by_n/n80/graph96.lgbin,9600,1.8255550861358643
797,random graphs/matuszewski/5_by_n/n80/graph97.lgbin,9658,1.9283547401428223
798,random graphs/matuszewski/5_by_n/n80/graph98.lgbin,9137,1.8348109722137451
799,random graphs/matuszewski/5_by_n/n80/graph99.lgbin,9959,1.8492379188537598
800,random graphs/matuszewski/5_by_n/n90/graph0.lgbin,12763,2.3704991340637207
801,random graphs/matuszewski/5_by_n/n90/graph1.lgbin,12156,2.352801561355591
802,random graphs/matuszewski/5_by_n/n90/graph2.lgbin,11713,2.3264803886413574
803,random graphs/matuszewski/5_by_n/n90/graph3.lgbin,12530,2.345395088195801
804,random graphs/matuszewski/5_by_n/n90/graph4.lgbin,12790,2.348426103591919
805,random graphs/matuszewski/5_by_n/n90/graph5.lgbin,12854,2.378434658050537
806,random graphs/matuszewski/5_by_n/n90/graph6.lgbin,11323,2.2981014251708984
807,random graphs/matuszewski/5_by_n/n90/graph7.lgbin,11961,2.324134588241577
808,random graphs/matuszewski/5_by_n/n90/graph8.lgbin,11578,2.334003210067749
809,random graphs/matuszewski/5_by_n/n90/graph9.lgbin,11066,2.3219611644744873
810,random graphs/matuszewski/5_by_n/n90/graph10.lgbin,13568,2.3093693256378174
811,random graphs/matuszewski/5_by_n/n90/graph11.lgbin,13113,2.339900016784668
812,random graphs/matuszewski/5_by_n/n90/graph12.lgbin,13112,2.2919535636901855
813,random graphs/matuszewski/5_by_n/n90/graph13.lgbin,12629,2.341874599456787
814,random graphs/matuszewski/5_by_n/n90/graph14.lgbin,12432,2.348538875579834
815,random graphs/matuszewski/5_by_n/n90/graph15.lgbin,13273,2.3098597526550293
816,random graphs/matuszewski/5_by_n/n90/graph16.lgbin,12106,2.3398125171661377
817,random graphs/matuszewski/5_by_n/n90/graph17.lgbin,11905,2.2995269298553467
818,random graphs/matuszewski/5_by_n/n90/graph18.lgbin,12284,2.359663486480713
819,random graphs/matuszewski/5_by_n/n90/graph19.lgbin,12509,2.323385715484619
820,random graphs/matuszewski/5_by_n/n90/graph20.lgbin,11937,2.2971553802490234
821,random graphs/matuszewski/5_by_n/n90/graph21.lgbin,12402,2.277860641479492
822,random graphs/matuszewski/5_by_n/n90/graph22.lgbin,12958,2.3548452854156494
823,random graphs/matuszewski/5_by_n/n90/graph23.lgbin,12177,2.3133177757263184
824,random graphs/matuszewski/5_by_n/n90/graph24.lgbin,12614,2.3432419300079346
825,random graphs/matuszewski/5_by_n/n90/graph25.lgbin,12396,2.3422980308532715
826,random graphs/matuszewski/5_by_n/n90/graph26.lgbin,12719,2.3140673637390137
827,random graphs/matuszewski/5_by_n/n90/graph27.lgbin,12475,2.3134262561798096
828,random graphs/matuszewski/5_by_n/n90/graph28.lgbin,12653,2.3906846046447754
829,random graphs/matuszewski/5_by_n/n90/graph29.lgbin,12290,2.318615198135376
830,random graphs/matuszewski/5_by_n/n90/graph30.lgbin,13735,2.3330748081207275
831,random graphs/matuszewski/5_by_n/n90/graph31.lgbin,11566,2.2926838397979736
832,random graphs/matuszewski/5_by_n/n90/graph32.lgbin,11811,2.3297903537750244
833,random graphs/matuszewski/5_by_n/n90/graph33.lgbin,12586,2.357569932937622
834,random graphs/matuszewski/5_by_n/n90/graph34.lgbin,12929,2.301471471786499
835,random graphs/matuszewski/5_by_n/n90/graph35.lgbin,12553,2.371140241622925
836,random graphs/matuszewski/5_by_n/n90/graph36.lgbin,11957,2.3787477016448975
837,random graphs/matuszewski/5_by_n/n90/graph37.lgbin,12352,2.3091368675231934
838,random graphs/matuszewski/5_by_n/n90/graph38.lgbin,12249,2.3008408546447754
839,random graphs/matuszewski/5_by_n/n90/graph39.lgbin,12425,2.2944467067718506
840,random graphs/matuszewski/5_by_n/n90/graph40.lgbin,12991,2.3436801433563232
841,random graphs/matuszewski/5_by_n/n90/graph41.lgbin,12097,2.324225664138794
842,random graphs/matuszewski/5_by_n/n90/graph42.lgbin,12867,2.3401217460632324
843,random graphs/matuszewski/5_by_n/n90/graph43.lgbin,12764,2.37119722366333
844,random graphs/matuszewski/5_by_n/n90/graph44.lgbin,11724,2.343165874481201
845,random graphs/matuszewski/5_by_n/n90/graph45.lgbin,12394,2.308340549468994
846,random graphs/matuszewski/5_by_n/n90/graph46.lgbin,13395,2.352524518966675
847,random graphs/matuszewski/5_by_n/n90/graph47.lgbin,11288,2.313027858734131
848,random graphs/matuszewski/5_by_n/n90/graph48.lgbin,12335,2.345851182937622
849,random graphs/matuszewski/5_by_n/n90/graph49.lgbin,11970,2.3522541522979736
850,random graphs/matuszewski/5_by_n/n90/graph50.lgbin,13616,2.403623342514038
851,random graphs/matuszewski/5_by_n/n90/graph51.lgbin,12554,2.315141439437866
852,random graphs/matuszewski/5_by_n/n90/graph52.lgbin,11801,2.265730857849121
853,random graphs/matuszewski/5_by_n/n90/graph53.lgbin,12454,2.2828691005706787
854,random graphs/matuszewski/5_by_n/n90/graph54.lgbin,13114,2.3109641075134277
855,random graphs/matuszewski/5_by_n/n90/graph55.lgbin,12166,2.3630893230438232
856,random graphs/matuszewski/5_by_n/n90/graph56.lgbin,12315,2.3523311614990234
857,random graphs/matuszewski/5_by_n/n90/graph57.lgbin,11370,2.2940783500671387
858,random graphs/matuszewski/5_by_n/n90/graph58.lgbin,12580,2.357036828994751
859,random graphs/matuszewski/5_by_n/n90/graph59.lgbin,11980,2.3665623664855957
860,random graphs/matuszewski/5_by_n/n90/graph60.lgbin,12009,2.3405935764312744
861,random graphs/matuszewski/5_by_n/n90/graph61.lgbin,11953,2.3482022285461426
862,random graphs/matuszewski/5_by_n/n90/graph62.lgbin,12064,2.3419578075408936
863,random graphs/matuszewski/5_by_n/n90/graph63.lgbin,12138,2.312243938446045
864,random graphs/matuszewski/5_by_n/n90/graph64.lgbin,12860,2.3080153465270996
865,random graphs/matuszewski/5_by_n/n90/graph65.lgbin,12691,2.3712637424468994
866,random graphs/matuszewski/5_by_n/n90/graph66.lgbin,12218,2.3170459270477295
867,random graphs/matuszewski/5_by_n/n90/graph67.lgbin,12882,2.3738646507263184
868,random graphs/matuszewski/5_by_n/n90/graph68.lgbin,11872,2.3337900638580322
869,random graphs/matuszewski/5_by_n/n90/graph69.lgbin,11930,2.301879644393921
870,random graphs/matuszewski/5_by_n/n90/graph70.lgbin,12073,2.2755563259124756
871,random graphs/matuszewski/5_by_n/n90/graph71.lgbin,12102,2.325390577316284
872,random graphs/matuszewski/5_by_n/n90/graph72.lgbin,11237,2.292471170425415
873,random graphs/matuszewski/5_by_n/n90/graph73.lgbin,12480,2.364138603210449
874,random graphs/matuszewski/5_by_n/n90/graph74.lgbin,12909,2.354624032974243
875,random graphs/matuszewski/5_by_n/n90/graph75.lgbin,12620,2.3054025173187256
876,random graphs/matuszewski/5_by_n/n90/graph76.lgbin,11951,2.395221710205078
877,random graphs/matuszewski/5_by_n/n90/graph77.lgbin,13354,2.350706100463867
878,random graphs/matuszewski/5_by_n/n90/graph78.lgbin,12744,2.318237781524658
879,random graphs/matuszewski/5_by_n/n90/graph79.lgbin,12233,2.3791544437408447
880,random graphs/matuszewski/5_by_n/n90/graph80.lgbin,13380,2.3578941822052
881,random graphs/matuszewski/5_by_n/n90/graph81.lgbin,12842,2.3014726638793945
882,random graphs/matuszewski/5_by_n/n90/graph82.lgbin,12483,2.339902400970459
883,random graphs/matuszewski/5_by_n/n90/graph83.lgbin,12030,2.314810037612915
884,random graphs/matuszewski/5_by_n/n90/graph84.lgbin,12981,2.3512866497039795
885,random graphs/matuszewski/5_by_n/n90/graph85.lgbin,12448,2.297590732574463
886,random graphs/matuszewski/5_by_n/n90/graph86.lgbin,12005,2.3081753253936768
887,random graphs/matuszewski/5_by_n/n90/graph87.lgbin,13529,2.3774657249450684
888,random graphs/matuszewski/5_by_n/n90/graph88.lgbin,12595,2.3631114959716797
889,random graphs/matuszewski/5_by_n/n90/graph89.lgbin,11785,2.313462257385254
890,random graphs/matuszewski/5_by_n/n90/graph90.lgbin,11497,2.313308000564575
891,random graphs/matuszewski/5_by_n/n90/graph91.lgbin,11673,2.3340625762939453
892,random graphs/matuszewski/5_by_n/n90/graph92.lgbin,12039,2.3294718265533447
893,random graphs/matuszewski/5_by_n/n90/graph93.lgbin,11987,2.3063793182373047
894,random graphs/matuszewski/5_by_n/n90/graph94.lgbin,13028,2.30828595161438
895,random graphs/matuszewski/5_by_n/n90/graph95.lgbin,12564,2.326498508453369
896,random graphs/matuszewski/5_by_n/n90/graph96.lgbin,13362,2.3747756481170654
897,random graphs/matuszewski/5_by_n/n90/graph97.lgbin,12932,2.3226826190948486
898,random graphs/matuszewski/5_by_n/n90/graph98.lgbin,11220,2.3311727046966553
899,random graphs/matuszewski/5_by_n/n90/graph99.lgbin,11428,2.3539793491363525
900,random graphs/matuszewski/5_by_n/n100/graph0.lgbin,15583,2.9738717079162598
901,random graphs/matuszewski/5_by_n/n100/graph1.lgbin,14017,2.8791236877441406
902,random graphs/matuszewski/5_by_n/n100/graph2.lgbin,14882,2.8888673782348633
903,random graphs/matuszewski/5_by_n/n100/graph3.lgbin,15787,2.908013105392456
904,random graphs/matuszewski/5_by_n/n100/graph4.lgbin,16227,2.847163200378418
905,random graphs/matuszewski/5_by_n/n100/graph5.lgbin,14980,2.9074978828430176
906,random graphs/matuszewski/5_by_n/n100/graph6.lgbin,16117,2.8963871002197266
907,random graphs/matuszewski/5_by_n/n100/graph7.lgbin,14921,2.9095518589019775
908,random graphs/matuszewski/5_by_n/n100/graph8.lgbin,15828,2.877746343612671
909,random graphs/matuszewski/5_by_n/n100/graph9.lgbin,14622,2.86299729347229
910,random graphs/matuszewski/5_by_n/n100/graph10.lgbin,16487,2.900063991546631
911,random graphs/matuszewski/5_by_n/n100/graph11.lgbin,16115,2.8873839378356934
912,random graphs/matuszewski/5_by_n/n100/graph12.lgbin,17056,2.9571685791015625
913,random graphs/matuszewski/5_by_n/n100/graph13.lgbin,15081,2.834291458129883
914,random graphs/matuszewski/5_by_n/n100/graph14.lgbin,14899,2.8892829418182373
915,random graphs/matuszewski/5_by_n/n100/graph15.lgbin,15234,2.814594030380249
916,random graphs/matuszewski/5_by_n/n100/graph16.lgbin,16014,2.8880815505981445
917,random graphs/matuszewski/5_by_n/n100/graph17.lgbin,15596,2.963872194290161
918,random graphs/matuszewski/5_by_n/n100/graph18.lgbin,16075,2.9258203506469727
919,random graphs/matuszewski/5_by_n/n100/graph19.lgbin,16217,2.922353744506836
920,random graphs/matuszewski/5_by_n/n100/graph20.lgbin,15531,2.8589651584625244
921,random graphs/matuszewski/5_by_n/n100/graph21.lgbin,15736,2.9342944622039795
922,random graphs/matuszewski/5_by_n/n100/graph22.lgbin,15572,2.8858327865600586
923,random graphs/matuszewski/5_by_n/n100/graph23.lgbin,16248,2.9038543701171875
924,random graphs/matuszewski/5_by_n/n100/graph24.lgbin,15529,2.867380142211914
925,random graphs/matuszewski/5_by_n/n100/graph25.lgbin,14669,2.9343345165252686
926,random graphs/matuszewski/5_by_n/n100/graph26.lgbin,16772,2.898885488510132
927,random graphs/matuszewski/5_by_n/n100/graph27.lgbin,16015,2.8284904956817627
928,random graphs/matuszewski/5_by_n/n100/graph28.lgbin,14670,2.884950876235962
929,random graphs/matuszewski/5_by_n/n100/graph29.lgbin,14521,2.8835668563842773
930,random graphs/matuszewski/5_by_n/n100/graph30.lgbin,16998,2.9149563312530518
931,random graphs/matuszewski/5_by_n/n100/graph31.lgbin,15834,2.851497173309326
932,random graphs/matuszewski/5_by_n/n100/graph32.lgbin,14984,2.896267890930176
933,random graphs/matuszewski/5_by_n/n100/graph33.lgbin,14765,2.9369654655456543
934,random graphs/matuszewski/5_by_n/n100/graph34.lgbin,15140,2.8917012214660645
935,random graphs/matuszewski/5_by_n/n100/graph35.lgbin,15806,2.9008452892303467
936,random graphs/matuszewski/5_by_n/n100/graph36.lgbin,16553,2.912266969680786
937,random graphs/matuszewski/5_by_n/n100/graph37.lgbin,16124,2.869690179824829
938,random graphs/matuszewski/5_by_n/n100/graph38.lgbin,15573,2.8755435943603516
939,random graphs/matuszewski/5_by_n/n100/graph39.lgbin,13773,2.9075396060943604
940,random graphs/matuszewski/5_by_n/n100/graph40.lgbin,15416,2.893523693084717
941,random graphs/matuszewski/5_by_n/n100/graph41.lgbin,16467,2.9574482440948486
942,random graphs/matuszewski/5_by_n/n100/graph42.lgbin,16449,2.9424877166748047
943,random graphs/matuszewski/5_by_n/n100/graph43.lgbin,15468,2.856985330581665
944,random graphs/matuszewski/5_by_n/n100/graph44.lgbin,14905,2.857961893081665
945,random graphs/matuszewski/5_by_n/n100/graph45.lgbin,15457,2.902114152908325
946,random graphs/matuszewski/5_by_n/n100/graph46.lgbin,14794,2.9117181301116943
947,random graphs/matuszewski/5_by_n/n100/graph47.lgbin,14628,2.9167234897613525
948,random graphs/matuszewski/5_by_n/n100/graph48.lgbin,15338,2.8475306034088135
949,random graphs/matuszewski/5_by_n/n100/graph49.lgbin,16064,2.8879404067993164
950,random graphs/matuszewski/5_by_n/n100/graph50.lgbin,14995,2.8878185749053955
951,random graphs/matuszewski/5_by_n/n100/graph51.lgbin,15136,2.941999673843384
952,random graphs/matuszewski/5_by_n/n100/graph52.lgbin,14989,2.81239914894104
953,random graphs/matuszewski/5_by_n/n100/graph53.lgbin,15730,2.8587427139282227
954,random graphs/matuszewski/5_by_n/n100/graph54.lgbin,15787,2.881176710128784
955,random graphs/matuszewski/5_by_n/n100/graph55.lgbin,15631,2.8880395889282227
956,random graphs/matuszewski/5_by_n/n100/graph56.lgbin,15865,2.905029058456421
957,random graphs/matuszewski/5_by_n/n100/graph57.lgbin,15701,2.856771945953369
958,random graphs/matuszewski/5_by_n/n100/graph58.lgbin,15639,2.8972702026367188
959,random graphs/matuszewski/5_by_n/n100/graph59.lgbin,15377,2.9133758544921875
960,random graphs/matuszewski/5_by_n/n100/graph60.lgbin,15993,2.937173366546631
961,random graphs/matuszewski/5_by_n/n100/graph61.lgbin,15998,2.877047538757324
962,random graphs/matuszewski/5_by_n/n100/graph62.lgbin,14679,2.8466637134552
963,random graphs/matuszewski/5_by_n/n100/graph63.lgbin,15622,2.855663776397705
964,random graphs/matuszewski/5_by_n/n100/graph64.lgbin,16158,2.929697036743164
965,random graphs/matuszewski/5_by_n/n100/graph65.lgbin,16347,2.938976287841797
966,random graphs/matuszewski/5_by_n/n100/graph66.lgbin,15492,2.9240148067474365
967,random graphs/matuszewski/5_by_n/n100/graph67.lgbin,16188,2.8871078491210938
968,random graphs/matuszewski/5_by_n/n100/graph68.lgbin,15348,2.925055980682373
969,random graphs/matuszewski/5_by_n/n100/graph69.lgbin,14917,2.8513033390045166
970,random graphs/matuszewski/5_by_n/n100/graph70.lgbin,15667,2.85941743850708
971,random graphs/matuszewski/5_by_n/n100/graph71.lgbin,15494,2.8615589141845703
972,random graphs/matuszewski/5_by_n/n100/graph72.lgbin,14872,2.822474718093872
973,random graphs/matuszewski/5_by_n/n100/graph73.lgbin,15083,2.9119839668273926
974,random graphs/matuszewski/5_by_n/n100/graph74.lgbin,15898,2.9412479400634766
975,random graphs/matuszewski/5_by_n/n100/graph75.lgbin,13915,2.9117729663848877
976,random graphs/matuszewski/5_by_n/n100/graph76.lgbin,14117,2.8503592014312744
977,random graphs/matuszewski/5_by_n/n100/graph77.lgbin,15742,2.941112756729126
978,random graphs/matuszewski/5_by_n/n100/graph78.lgbin,15967,2.906012535095215
979,random graphs/matuszewski/5_by_n/n100/graph79.lgbin,15749,2.8716611862182617
980,random graphs/matuszewski/5_by_n/n100/graph80.lgbin,16283,2.8954899311065674
981,random graphs/matuszewski/5_by_n/n100/graph81.lgbin,15884,2.8500142097473145
982,random graphs/matuszewski/5_by_n/n100/graph82.lgbin,15180,2.966806173324585
983,random graphs/matuszewski/5_by_n/n100/graph83.lgbin,15755,2.9079689979553223
984,random graphs/matuszewski/5_by_n/n100/graph84.lgbin,15438,2.880711078643799
985,random graphs/matuszewski/5_by_n/n100/graph85.lgbin,15188,2.895190715789795
986,random graphs/matuszewski/5_by_n/n100/graph86.lgbin,15815,2.92315411567688
987,random graphs/matuszewski/5_by_n/n100/graph87.lgbin,16082,2.928163766860962
988,random graphs/matuszewski/5_by_n/n100/graph88.lgbin,15722,2.864617109298706
989,random graphs/matuszewski/5_by_n/n100/graph89.lgbin,16302,2.8896801471710205
990,random graphs/matuszewski/5_by_n/n100/graph90.lgbin,16498,2.912010431289673
991,random graphs/matuszewski/5_by_n/n100/graph91.lgbin,14681,2.8703548908233643
992,random graphs/matuszewski/5_by_n/n100/graph92.lgbin,15209,2.8653857707977295
993,random graphs/matuszewski/5_by_n/n100/graph93.lgbin,16019,2.845365047454834
994,random graphs/matuszewski/5_by_n/n100/graph94.lgbin,14506,2.8972699642181396
995,random graphs/matuszewski/5_by_n/n100/graph95.lgbin,15075,2.8805856704711914
996,random graphs/matuszewski/5_by_n/n100/graph96.lgbin,15121,2.835937023162842
997,random graphs/matuszewski/5_by_n/n100/graph97.lgbin,16232,2.9669201374053955
998,random graphs/matuszewski/5_by_n/n100/graph98.lgbin,16160,2.874204635620117
999,random graphs/matuszewski/5_by_n/n100/graph99.lgbin,15075,2.8935840129852295
